park_id,category,vacancy_type,vacancy,lastupdate,type,rounded_time
tdc74p2,HOURLY,A,29,2021-06-15 13:57:03,P,2021-06-15 14:00:00
tdc74p2,HOURLY,A,15,2021-06-15 06:58:03,P,2021-06-15 07:00:00
tdc74p2,HOURLY,A,29,2021-06-14 21:56:03,P,2021-06-14 22:00:00
tdc74p2,HOURLY,A,2,2021-06-13 06:42:03,P,2021-06-13 06:45:00
tdc74p2,HOURLY,A,29,2021-06-12 21:13:03,P,2021-06-12 21:15:00
tdc74p2,HOURLY,A,22,2021-06-12 12:43:04,P,2021-06-12 12:45:00
tdc74p2,HOURLY,A,0,2021-06-12 05:57:03,P,2021-06-12 06:00:00
tdc74p2,HOURLY,A,7,2021-06-11 23:27:03,P,2021-06-11 23:30:00
tdc74p2,HOURLY,A,29,2021-06-11 13:42:03,P,2021-06-11 13:45:00
tdc74p2,HOURLY,A,0,2021-06-11 02:41:04,P,2021-06-11 02:45:00
tdc74p2,HOURLY,A,26,2021-06-10 20:12:04,P,2021-06-10 20:15:00
tdc74p2,HOURLY,A,29,2021-06-10 16:12:04,P,2021-06-10 16:15:00
tdc74p2,HOURLY,A,29,2021-06-10 12:28:03,P,2021-06-10 12:30:00
tdc74p2,HOURLY,A,25,2021-06-10 09:57:04,P,2021-06-10 10:00:00
tdc74p2,HOURLY,A,4,2021-06-10 07:13:03,P,2021-06-10 07:15:00
tdc74p2,HOURLY,A,0,2021-06-10 03:56:03,P,2021-06-10 04:00:00
tdc74p2,HOURLY,A,0,2021-06-10 00:11:03,P,2021-06-10 00:15:00
tdc74p2,HOURLY,A,12,2021-06-09 20:12:03,P,2021-06-09 20:15:00
tdc74p2,HOURLY,A,26,2021-06-09 17:27:06,P,2021-06-09 17:30:00
tdc74p2,HOURLY,A,29,2021-06-09 13:57:03,P,2021-06-09 14:00:00
tdc74p2,HOURLY,A,25,2021-06-09 10:56:03,P,2021-06-09 11:00:00
tdc74p2,HOURLY,A,11,2021-06-09 09:43:03,P,2021-06-09 09:45:00
tdc74p2,HOURLY,A,16,2021-06-09 08:43:03,P,2021-06-09 08:45:00
tdc74p2,HOURLY,A,0,2021-06-09 05:56:03,P,2021-06-09 06:00:00
tdc74p2,HOURLY,A,0,2021-06-09 04:12:03,P,2021-06-09 04:15:00
tdc74p2,HOURLY,A,0,2021-06-09 02:11:03,P,2021-06-09 02:15:00
tdc74p2,HOURLY,A,13,2021-06-08 20:58:03,P,2021-06-08 21:00:00
tdc74p2,HOURLY,A,22,2021-06-08 18:42:03,P,2021-06-08 18:45:00
tdc74p2,HOURLY,A,29,2021-06-08 16:12:26,P,2021-06-08 16:15:00
tdc74p2,HOURLY,A,29,2021-06-08 14:13:26,P,2021-06-08 14:15:00
tdc74p2,HOURLY,A,29,2021-06-08 13:13:26,P,2021-06-08 13:15:00
tdc74p2,HOURLY,A,0,2021-06-08 03:56:25,P,2021-06-08 04:00:00
tdc74p2,HOURLY,A,0,2021-06-08 01:42:27,P,2021-06-08 01:45:00
tdc74p2,HOURLY,A,7,2021-06-07 22:57:26,P,2021-06-07 23:00:00
tdc74p2,HOURLY,A,29,2021-06-07 13:57:25,P,2021-06-07 14:00:00
tdc74p2,HOURLY,A,29,2021-06-07 11:42:26,P,2021-06-07 11:45:00
tdc74p2,HOURLY,A,29,2021-06-07 09:42:25,P,2021-06-07 09:45:00
tdc74p2,HOURLY,A,16,2021-06-07 07:43:25,P,2021-06-07 07:45:00
tdc74p2,HOURLY,A,0,2021-06-07 06:11:26,P,2021-06-07 06:15:00
tdc74p2,HOURLY,A,0,2021-06-07 03:42:26,P,2021-06-07 03:45:00
tdc74p2,HOURLY,A,2,2021-06-07 00:27:26,P,2021-06-07 00:30:00
tdc74p2,HOURLY,A,0,2021-06-06 15:56:26,P,2021-06-06 16:00:00
tdc74p2,HOURLY,A,18,2021-06-06 13:26:25,P,2021-06-06 13:30:00
tdc74p2,HOURLY,A,0,2021-06-06 11:11:25,P,2021-06-06 11:15:00
tdc74p2,HOURLY,A,15,2021-06-06 08:43:25,P,2021-06-06 08:45:00
tdc74p2,HOURLY,A,1,2021-06-06 06:58:24,P,2021-06-06 07:00:00
tdc74p2,HOURLY,A,0,2021-06-06 04:12:25,P,2021-06-06 04:15:00
tdc74p2,HOURLY,A,3,2021-06-06 01:56:25,P,2021-06-06 02:00:00
tdc74p2,HOURLY,A,9,2021-06-06 00:27:26,P,2021-06-06 00:30:00
tdc74p2,HOURLY,A,29,2021-06-05 19:57:25,P,2021-06-05 20:00:00
tdc74p2,HOURLY,A,3,2021-06-05 17:56:26,P,2021-06-05 18:00:00
tdc74p2,HOURLY,A,24,2021-06-05 15:43:26,P,2021-06-05 15:45:00
tdc74p2,HOURLY,A,26,2021-06-05 14:27:25,P,2021-06-05 14:30:00
tdc74p2,HOURLY,A,14,2021-06-05 12:26:27,P,2021-06-05 12:30:00
tdc74p2,HOURLY,A,0,2021-06-05 10:57:26,P,2021-06-05 11:00:00
tdc74p2,HOURLY,A,12,2021-06-05 08:42:26,P,2021-06-05 08:45:00
tdc74p2,HOURLY,A,1,2021-06-05 06:57:25,P,2021-06-05 07:00:00
tdc74p2,HOURLY,A,0,2021-06-05 04:56:27,P,2021-06-05 05:00:00
tdc74p2,HOURLY,A,0,2021-06-05 02:26:25,P,2021-06-05 02:30:00
tdc74p2,HOURLY,A,0,2021-06-05 00:28:25,P,2021-06-05 00:30:00
tdc74p2,HOURLY,A,18,2021-06-04 22:26:27,P,2021-06-04 22:30:00
tdc74p2,HOURLY,A,28,2021-06-04 19:43:26,P,2021-06-04 19:45:00
tdc74p2,HOURLY,A,29,2021-06-04 17:27:27,P,2021-06-04 17:30:00
tdc74p2,HOURLY,A,29,2021-06-04 15:42:25,P,2021-06-04 15:45:00
tdc74p2,HOURLY,A,29,2021-06-04 12:56:26,P,2021-06-04 13:00:00
tdc74p2,HOURLY,A,29,2021-06-04 10:11:25,P,2021-06-04 10:15:00
tdc74p2,HOURLY,A,0,2021-06-04 03:12:25,P,2021-06-04 03:15:00
tdc74p2,HOURLY,A,10,2021-06-03 20:57:24,P,2021-06-03 21:00:00
tdc74p2,HOURLY,A,29,2021-06-15 13:43:03,P,2021-06-15 13:45:00
tdc74p2,HOURLY,A,6,2021-06-15 06:41:03,P,2021-06-15 06:45:00
tdc74p2,HOURLY,A,11,2021-06-14 23:12:03,P,2021-06-14 23:15:00
tdc74p2,HOURLY,A,22,2021-06-14 18:42:02,P,2021-06-14 18:45:00
tdc74p2,HOURLY,A,4,2021-06-14 15:12:03,P,2021-06-14 15:15:00
tdc74p2,HOURLY,A,0,2021-06-14 11:56:05,P,2021-06-14 12:00:00
tdc74p2,HOURLY,A,0,2021-06-14 08:56:04,P,2021-06-14 09:00:00
tdc74p2,HOURLY,A,0,2021-06-14 05:56:04,P,2021-06-14 06:00:00
tdc74p2,HOURLY,A,0,2021-06-14 02:41:04,P,2021-06-14 02:45:00
tdc74p2,HOURLY,A,4,2021-06-14 00:12:04,P,2021-06-14 00:15:00
tdc74p2,HOURLY,A,29,2021-06-13 20:42:04,P,2021-06-13 20:45:00
tdc74p2,HOURLY,A,13,2021-06-13 17:26:04,P,2021-06-13 17:30:00
tdc74p2,HOURLY,A,17,2021-06-13 14:58:03,P,2021-06-13 15:00:00
tdc74p2,HOURLY,A,21,2021-06-13 11:57:03,P,2021-06-13 12:00:00
tdc74p2,HOURLY,A,20,2021-06-13 07:43:03,P,2021-06-13 07:45:00
tdc74p2,HOURLY,A,29,2021-06-12 20:56:03,P,2021-06-12 21:00:00
tdc74p2,HOURLY,A,24,2021-06-12 09:27:03,P,2021-06-12 09:30:00
tdc74p2,HOURLY,A,0,2021-06-12 01:57:04,P,2021-06-12 02:00:00
tdc74p2,HOURLY,A,18,2021-06-11 19:27:03,P,2021-06-11 19:30:00
tdc74p2,HOURLY,A,0,2021-06-11 06:13:04,P,2021-06-11 06:15:00
tdc74p2,HOURLY,A,0,2021-06-10 23:13:03,P,2021-06-10 23:15:00
tdc74p2,HOURLY,A,0,2021-06-04 06:12:25,P,2021-06-04 06:15:00
tdc74p2,HOURLY,A,29,2021-06-03 17:43:25,P,2021-06-03 17:45:00
tdc74p2,HOURLY,A,10,2021-06-17 22:26:06,P,2021-06-17 22:30:00
tdc74p2,HOURLY,A,24,2021-06-17 18:12:06,P,2021-06-17 18:15:00
tdc74p2,HOURLY,A,29,2021-06-17 15:13:06,P,2021-06-17 15:15:00
tdc74p2,HOURLY,A,29,2021-06-17 12:12:06,P,2021-06-17 12:15:00
tdc74p2,HOURLY,A,6,2021-06-17 09:12:04,P,2021-06-17 09:15:00
tdc74p2,HOURLY,A,0,2021-06-17 06:12:05,P,2021-06-17 06:15:00
tdc74p2,HOURLY,A,0,2021-06-17 03:12:05,P,2021-06-17 03:15:00
tdc74p2,HOURLY,A,0,2021-06-17 00:42:04,P,2021-06-17 00:45:00
tdc74p2,HOURLY,A,2,2021-06-16 21:43:04,P,2021-06-16 21:45:00
tdc74p2,HOURLY,A,27,2021-06-16 18:57:04,P,2021-06-16 19:00:00
tdc74p2,HOURLY,A,29,2021-06-16 15:43:04,P,2021-06-16 15:45:00
tdc74p2,HOURLY,A,29,2021-06-16 12:26:04,P,2021-06-16 12:30:00
tdc74p2,HOURLY,A,29,2021-06-16 09:41:04,P,2021-06-16 09:45:00
tdc74p2,HOURLY,A,7,2021-06-16 06:56:04,P,2021-06-16 07:00:00
tdc74p2,HOURLY,A,0,2021-06-16 03:57:03,P,2021-06-16 04:00:00
tdc74p2,HOURLY,A,0,2021-06-16 01:11:03,P,2021-06-16 01:15:00
tdc74p2,HOURLY,A,10,2021-06-15 21:57:03,P,2021-06-15 22:00:00
tdc74p2,HOURLY,A,18,2021-06-15 20:12:03,P,2021-06-15 20:15:00
tdc74p2,HOURLY,A,29,2021-06-15 15:26:03,P,2021-06-15 15:30:00
tdc74p2,HOURLY,A,29,2021-06-15 13:12:03,P,2021-06-15 13:15:00
tdc74p2,HOURLY,A,26,2021-06-15 10:11:02,P,2021-06-15 10:15:00
tdc74p2,HOURLY,A,0,2021-06-15 02:57:03,P,2021-06-15 03:00:00
tdc74p2,HOURLY,A,9,2021-06-14 17:42:03,P,2021-06-14 17:45:00
tdc74p2,HOURLY,A,14,2021-06-14 14:57:04,P,2021-06-14 15:00:00
tdc74p2,HOURLY,A,12,2021-06-14 12:12:04,P,2021-06-14 12:15:00
tdc74p2,HOURLY,A,0,2021-06-14 09:27:05,P,2021-06-14 09:30:00
tdc74p2,HOURLY,A,0,2021-06-14 06:41:05,P,2021-06-14 06:45:00
tdc74p2,HOURLY,A,0,2021-06-14 03:42:05,P,2021-06-14 03:45:00
tdc74p2,HOURLY,A,0,2021-06-14 00:41:04,P,2021-06-14 00:45:00
tdc74p2,HOURLY,A,26,2021-06-13 21:27:05,P,2021-06-13 21:30:00
tdc74p2,HOURLY,A,11,2021-06-13 18:26:04,P,2021-06-13 18:30:00
tdc74p2,HOURLY,A,15,2021-06-13 15:43:04,P,2021-06-13 15:45:00
tdc74p2,HOURLY,A,27,2021-06-13 12:42:04,P,2021-06-13 12:45:00
tdc74p2,HOURLY,A,8,2021-06-13 09:43:03,P,2021-06-13 09:45:00
tdc74p2,HOURLY,A,0,2021-06-13 03:26:03,P,2021-06-13 03:30:00
tdc74p2,HOURLY,A,29,2021-06-12 19:57:03,P,2021-06-12 20:00:00
tdc74p2,HOURLY,A,22,2021-06-12 13:42:03,P,2021-06-12 13:45:00
tdc74p2,HOURLY,A,4,2021-06-12 07:11:03,P,2021-06-12 07:15:00
tdc74p2,HOURLY,A,0,2021-06-12 05:11:03,P,2021-06-12 05:15:00
tdc74p2,HOURLY,A,17,2021-06-11 22:58:03,P,2021-06-11 23:00:00
tdc74p2,HOURLY,A,29,2021-06-11 12:43:03,P,2021-06-11 12:45:00
tdc74p2,HOURLY,A,0,2021-06-11 05:56:03,P,2021-06-11 06:00:00
tdc74p2,HOURLY,A,0,2021-06-11 00:13:04,P,2021-06-11 00:15:00
tdc74p2,HOURLY,A,17,2021-06-10 20:43:03,P,2021-06-10 20:45:00
tdc74p2,HOURLY,A,0,2021-06-04 06:28:26,P,2021-06-04 06:30:00
tdc74p2,HOURLY,A,0,2021-06-04 00:42:23,P,2021-06-04 00:45:00
tdc74p2,HOURLY,A,23,2021-06-03 19:43:24,P,2021-06-03 19:45:00
tdc74p2,HOURLY,A,29,2021-06-15 10:57:03,P,2021-06-15 11:00:00
tdc74p2,HOURLY,A,0,2021-06-15 01:42:03,P,2021-06-15 01:45:00
tdc74p2,HOURLY,A,2,2021-06-14 16:26:03,P,2021-06-14 16:30:00
tdc74p2,HOURLY,A,27,2021-06-14 13:28:05,P,2021-06-14 13:30:00
tdc74p2,HOURLY,A,0,2021-06-14 10:42:04,P,2021-06-14 10:45:00
tdc74p2,HOURLY,A,16,2021-06-14 07:57:04,P,2021-06-14 08:00:00
tdc74p2,HOURLY,A,0,2021-06-14 04:57:05,P,2021-06-14 05:00:00
tdc74p2,HOURLY,A,0,2021-06-14 02:27:05,P,2021-06-14 02:30:00
tdc74p2,HOURLY,A,13,2021-06-13 23:42:04,P,2021-06-13 23:45:00
tdc74p2,HOURLY,A,28,2021-06-13 20:56:05,P,2021-06-13 21:00:00
tdc74p2,HOURLY,A,8,2021-06-13 18:12:04,P,2021-06-13 18:15:00
tdc74p2,HOURLY,A,28,2021-06-13 13:27:03,P,2021-06-13 13:30:00
tdc74p2,HOURLY,A,9,2021-06-13 10:28:04,P,2021-06-13 10:30:00
tdc74p2,HOURLY,A,0,2021-06-13 04:55:04,P,2021-06-13 05:00:00
tdc74p2,HOURLY,A,29,2021-06-12 21:41:03,P,2021-06-12 21:45:00
tdc74p2,HOURLY,A,21,2021-06-12 15:43:43,P,2021-06-12 15:45:00
tdc74p2,HOURLY,A,25,2021-06-12 11:56:04,P,2021-06-12 12:00:00
tdc74p2,HOURLY,A,9,2021-06-12 07:56:03,P,2021-06-12 08:00:00
tdc74p2,HOURLY,A,0,2021-06-12 00:12:05,P,2021-06-12 00:15:00
tdc74p2,HOURLY,A,29,2021-06-11 16:41:03,P,2021-06-11 16:45:00
tdc74p2,HOURLY,A,15,2021-06-11 08:56:04,P,2021-06-11 09:00:00
tdc74p2,HOURLY,A,0,2021-06-11 03:56:04,P,2021-06-11 04:00:00
tdc74p2,HOURLY,A,13,2021-06-10 20:58:04,P,2021-06-10 21:00:00
tdc74p2,HOURLY,A,29,2021-06-10 18:13:04,P,2021-06-10 18:15:00
tdc74p2,HOURLY,A,29,2021-06-10 15:41:04,P,2021-06-10 15:45:00
tdc74p2,HOURLY,A,29,2021-06-10 12:13:03,P,2021-06-10 12:15:00
tdc74p2,HOURLY,A,21,2021-06-10 08:58:04,P,2021-06-10 09:00:00
tdc74p2,HOURLY,A,0,2021-06-10 06:13:03,P,2021-06-10 06:15:00
tdc74p2,HOURLY,A,0,2021-06-10 02:56:04,P,2021-06-10 03:00:00
tdc74p2,HOURLY,A,0,2021-06-09 23:57:03,P,2021-06-10 00:00:00
tdc74p2,HOURLY,A,12,2021-06-09 21:13:03,P,2021-06-09 21:15:00
tdc74p2,HOURLY,A,29,2021-06-09 18:12:04,P,2021-06-09 18:15:00
tdc74p2,HOURLY,A,29,2021-06-09 15:27:03,P,2021-06-09 15:30:00
tdc74p2,HOURLY,A,29,2021-06-09 12:57:04,P,2021-06-09 13:00:00
tdc74p2,HOURLY,A,1,2021-06-09 07:27:04,P,2021-06-09 07:30:00
tdc74p2,HOURLY,A,0,2021-06-09 05:27:04,P,2021-06-09 05:30:00
tdc74p2,HOURLY,A,0,2021-06-09 03:13:03,P,2021-06-09 03:15:00
tdc74p2,HOURLY,A,0,2021-06-08 23:56:03,P,2021-06-09 00:00:00
tdc74p2,HOURLY,A,14,2021-06-08 21:27:03,P,2021-06-08 21:30:00
tdc74p2,HOURLY,A,25,2021-06-08 18:57:03,P,2021-06-08 19:00:00
tdc74p2,HOURLY,A,27,2021-06-08 17:11:25,P,2021-06-08 17:15:00
tdc74p2,HOURLY,A,29,2021-06-08 14:43:25,P,2021-06-08 14:45:00
tdc74p2,HOURLY,A,29,2021-06-08 12:13:27,P,2021-06-08 12:15:00
tdc74p2,HOURLY,A,21,2021-06-08 08:12:25,P,2021-06-08 08:15:00
tdc74p2,HOURLY,A,0,2021-06-07 23:12:26,P,2021-06-07 23:15:00
tdc74p2,HOURLY,A,18,2021-06-07 21:27:26,P,2021-06-07 21:30:00
tdc74p2,HOURLY,A,18,2021-06-07 18:56:25,P,2021-06-07 19:00:00
tdc74p2,HOURLY,A,29,2021-06-07 16:11:26,P,2021-06-07 16:15:00
tdc74p2,HOURLY,A,29,2021-06-07 14:12:27,P,2021-06-07 14:15:00
tdc74p2,HOURLY,A,24,2021-06-07 08:12:27,P,2021-06-07 08:15:00
tdc74p2,HOURLY,A,0,2021-06-07 05:42:24,P,2021-06-07 05:45:00
tdc74p2,HOURLY,A,0,2021-06-07 03:12:25,P,2021-06-07 03:15:00
tdc74p2,HOURLY,A,0,2021-06-07 00:56:26,P,2021-06-07 01:00:00
tdc74p2,HOURLY,A,26,2021-06-06 22:13:24,P,2021-06-06 22:15:00
tdc74p2,HOURLY,A,19,2021-06-06 18:13:25,P,2021-06-06 18:15:00
tdc74p2,HOURLY,A,0,2021-06-06 15:42:27,P,2021-06-06 15:45:00
tdc74p2,HOURLY,A,18,2021-06-06 13:13:25,P,2021-06-06 13:15:00
tdc74p2,HOURLY,A,0,2021-06-06 10:57:25,P,2021-06-06 11:00:00
tdc74p2,HOURLY,A,0,2021-06-06 05:56:25,P,2021-06-06 06:00:00
tdc74p2,HOURLY,A,29,2021-06-05 22:12:25,P,2021-06-05 22:15:00
tdc74p2,HOURLY,A,29,2021-06-05 20:28:24,P,2021-06-05 20:30:00
tdc74p2,HOURLY,A,5,2021-06-05 17:12:26,P,2021-06-05 17:15:00
tdc74p2,HOURLY,A,16,2021-06-05 12:58:25,P,2021-06-05 13:00:00
tdc74p2,HOURLY,A,0,2021-06-05 11:13:25,P,2021-06-05 11:15:00
tdc74p2,HOURLY,A,0,2021-06-05 05:41:25,P,2021-06-05 05:45:00
tdc74p2,HOURLY,A,0,2021-06-05 03:41:25,P,2021-06-05 03:45:00
tdc74p2,HOURLY,A,0,2021-06-05 01:41:25,P,2021-06-05 01:45:00
tdc74p2,HOURLY,A,29,2021-06-04 20:12:25,P,2021-06-04 20:15:00
tdc74p2,HOURLY,A,29,2021-06-04 17:56:25,P,2021-06-04 18:00:00
tdc74p2,HOURLY,A,29,2021-06-04 13:43:26,P,2021-06-04 13:45:00
tdc74p2,HOURLY,A,29,2021-06-04 11:27:27,P,2021-06-04 11:30:00
tdc74p2,HOURLY,A,26,2021-06-04 09:42:23,P,2021-06-04 09:45:00
tdc74p2,HOURLY,A,0,2021-06-04 01:57:24,P,2021-06-04 02:00:00
tdc74p2,HOURLY,A,23,2021-06-03 19:26:25,P,2021-06-03 19:30:00
tdc74p2,HOURLY,A,28,2021-06-15 16:13:02,P,2021-06-15 16:15:00
tdc74p2,HOURLY,A,11,2021-06-17 20:57:06,P,2021-06-17 21:00:00
tdc74p2,HOURLY,A,23,2021-06-17 17:56:06,P,2021-06-17 18:00:00
tdc74p2,HOURLY,A,29,2021-06-17 15:28:06,P,2021-06-17 15:30:00
tdc74p2,HOURLY,A,29,2021-06-17 12:27:06,P,2021-06-17 12:30:00
tdc74p2,HOURLY,A,16,2021-06-17 09:42:04,P,2021-06-17 09:45:00
tdc74p2,HOURLY,A,0,2021-06-17 06:27:05,P,2021-06-17 06:30:00
tdc74p2,HOURLY,A,0,2021-06-17 03:26:06,P,2021-06-17 03:30:00
tdc74p2,HOURLY,A,0,2021-06-17 00:13:04,P,2021-06-17 00:15:00
tdc74p2,HOURLY,A,10,2021-06-16 21:10:05,P,2021-06-16 21:15:00
tdc74p2,HOURLY,A,29,2021-06-16 18:13:04,P,2021-06-16 18:15:00
tdc74p2,HOURLY,A,29,2021-06-16 15:12:04,P,2021-06-16 15:15:00
tdc74p2,HOURLY,A,29,2021-06-16 12:42:04,P,2021-06-16 12:45:00
tdc74p2,HOURLY,A,25,2021-06-16 09:55:04,P,2021-06-16 10:00:00
tdc74p2,HOURLY,A,0,2021-06-16 06:42:03,P,2021-06-16 06:45:00
tdc74p2,HOURLY,A,0,2021-06-16 03:43:03,P,2021-06-16 03:45:00
tdc74p2,HOURLY,A,0,2021-06-16 01:27:03,P,2021-06-16 01:30:00
tdc74p2,HOURLY,A,10,2021-06-15 22:56:02,P,2021-06-15 23:00:00
tdc74p2,HOURLY,A,16,2021-06-15 20:43:03,P,2021-06-15 20:45:00
tdc74p2,HOURLY,A,29,2021-06-15 17:42:03,P,2021-06-15 17:45:00
tdc74p2,HOURLY,A,29,2021-06-15 13:26:03,P,2021-06-15 13:30:00
tdc74p2,HOURLY,A,23,2021-06-15 07:12:03,P,2021-06-15 07:15:00
tdc74p2,HOURLY,A,29,2021-06-14 21:11:02,P,2021-06-14 21:15:00
tdc74p2,HOURLY,A,25,2021-06-13 08:12:03,P,2021-06-13 08:15:00
tdc74p2,HOURLY,A,0,2021-06-13 01:57:03,P,2021-06-13 02:00:00
tdc74p2,HOURLY,A,13,2021-06-12 23:41:03,P,2021-06-12 23:45:00
tdc74p2,HOURLY,A,29,2021-06-12 19:41:03,P,2021-06-12 19:45:00
tdc74p2,HOURLY,A,18,2021-06-12 09:11:04,P,2021-06-12 09:15:00
tdc74p2,HOURLY,A,0,2021-06-12 02:42:03,P,2021-06-12 02:45:00
tdc74p2,HOURLY,A,22,2021-06-11 20:41:03,P,2021-06-11 20:45:00
tdc74p2,HOURLY,A,29,2021-06-11 13:57:03,P,2021-06-11 14:00:00
tdc74p2,HOURLY,A,13,2021-06-11 08:27:03,P,2021-06-11 08:30:00
tdc74p2,HOURLY,A,0,2021-06-11 00:56:03,P,2021-06-11 01:00:00
tdc74p2,HOURLY,A,27,2021-06-10 18:56:04,P,2021-06-10 19:00:00
tdc74p2,HOURLY,A,29,2021-06-10 14:56:04,P,2021-06-10 15:00:00
tdc74p2,HOURLY,A,29,2021-06-10 12:42:03,P,2021-06-10 12:45:00
tdc74p2,HOURLY,A,19,2021-06-10 09:12:03,P,2021-06-10 09:15:00
tdc74p2,HOURLY,A,0,2021-06-10 05:56:03,P,2021-06-10 06:00:00
tdc74p2,HOURLY,A,0,2021-06-10 03:42:04,P,2021-06-10 03:45:00
tdc74p2,HOURLY,A,4,2021-06-09 22:58:03,P,2021-06-09 23:00:00
tdc74p2,HOURLY,A,14,2021-06-09 19:57:03,P,2021-06-09 20:00:00
tdc74p2,HOURLY,A,29,2021-06-09 16:56:03,P,2021-06-09 17:00:00
tdc74p2,HOURLY,A,29,2021-06-09 12:26:03,P,2021-06-09 12:30:00
tdc74p2,HOURLY,A,14,2021-06-09 09:56:04,P,2021-06-09 10:00:00
tdc74p2,HOURLY,A,2,2021-06-09 07:42:03,P,2021-06-09 07:45:00
tdc74p2,HOURLY,A,0,2021-06-09 02:43:04,P,2021-06-09 02:45:00
tdc74p2,HOURLY,A,17,2021-06-08 20:27:03,P,2021-06-08 20:30:00
tdc74p2,HOURLY,A,29,2021-06-08 18:11:03,P,2021-06-08 18:15:00
tdc74p2,HOURLY,A,29,2021-06-08 16:42:26,P,2021-06-08 16:45:00
tdc74p2,HOURLY,A,29,2021-06-08 11:41:25,P,2021-06-08 11:45:00
tdc74p2,HOURLY,A,22,2021-06-08 09:58:27,P,2021-06-08 10:00:00
tdc74p2,HOURLY,A,10,2021-06-08 07:13:25,P,2021-06-08 07:15:00
tdc74p2,HOURLY,A,0,2021-06-08 04:43:26,P,2021-06-08 04:45:00
tdc74p2,HOURLY,A,0,2021-06-08 03:12:25,P,2021-06-08 03:15:00
tdc74p2,HOURLY,A,0,2021-06-08 01:12:25,P,2021-06-08 01:15:00
tdc74p2,HOURLY,A,14,2021-06-07 19:42:26,P,2021-06-07 19:45:00
tdc74p2,HOURLY,A,29,2021-06-07 17:13:25,P,2021-06-07 17:15:00
tdc74p2,HOURLY,A,29,2021-06-07 15:42:25,P,2021-06-07 15:45:00
tdc74p2,HOURLY,A,17,2021-06-07 08:42:26,P,2021-06-07 08:45:00
tdc74p2,HOURLY,A,0,2021-06-07 06:27:25,P,2021-06-07 06:30:00
tdc74p2,HOURLY,A,0,2021-06-07 01:42:26,P,2021-06-07 01:45:00
tdc74p2,HOURLY,A,14,2021-06-06 23:12:25,P,2021-06-06 23:15:00
tdc74p2,HOURLY,A,28,2021-06-06 21:26:27,P,2021-06-06 21:30:00
tdc74p2,HOURLY,A,22,2021-06-06 18:42:24,P,2021-06-06 18:45:00
tdc74p2,HOURLY,A,1,2021-06-06 14:57:25,P,2021-06-06 15:00:00
tdc74p2,HOURLY,A,4,2021-06-06 12:13:24,P,2021-06-06 12:15:00
tdc74p2,HOURLY,A,0,2021-06-06 09:57:27,P,2021-06-06 10:00:00
tdc74p2,HOURLY,A,10,2021-06-06 07:41:25,P,2021-06-06 07:45:00
tdc74p2,HOURLY,A,0,2021-06-06 05:42:24,P,2021-06-06 05:45:00
tdc74p2,HOURLY,A,0,2021-06-06 03:11:25,P,2021-06-06 03:15:00
tdc74p2,HOURLY,A,24,2021-06-05 23:26:25,P,2021-06-05 23:30:00
tdc74p2,HOURLY,A,29,2021-06-05 20:42:26,P,2021-06-05 20:45:00
tdc74p2,HOURLY,A,29,2021-06-05 19:26:25,P,2021-06-05 19:30:00
tdc74p2,HOURLY,A,11,2021-06-05 17:41:26,P,2021-06-05 17:45:00
tdc74p2,HOURLY,A,13,2021-06-05 15:12:25,P,2021-06-05 15:15:00
tdc74p2,HOURLY,A,22,2021-06-05 13:27:24,P,2021-06-05 13:30:00
tdc74p2,HOURLY,A,4,2021-06-05 10:42:25,P,2021-06-05 10:45:00
tdc74p2,HOURLY,A,11,2021-06-05 08:11:24,P,2021-06-05 08:15:00
tdc74p2,HOURLY,A,0,2021-06-05 06:12:25,P,2021-06-05 06:15:00
tdc74p2,HOURLY,A,0,2021-06-05 03:57:25,P,2021-06-05 04:00:00
tdc74p2,HOURLY,A,0,2021-06-05 00:57:26,P,2021-06-05 01:00:00
tdc74p2,HOURLY,A,6,2021-06-04 23:12:26,P,2021-06-04 23:15:00
tdc74p2,HOURLY,A,29,2021-06-04 21:12:25,P,2021-06-04 21:15:00
tdc74p2,HOURLY,A,22,2021-06-04 18:27:26,P,2021-06-04 18:30:00
tdc74p2,HOURLY,A,29,2021-06-04 16:11:26,P,2021-06-04 16:15:00
tdc74p2,HOURLY,A,29,2021-06-04 14:26:26,P,2021-06-04 14:30:00
tdc74p2,HOURLY,A,29,2021-06-04 11:42:24,P,2021-06-04 11:45:00
tdc74p2,HOURLY,A,29,2021-06-04 10:56:26,P,2021-06-04 11:00:00
tdc74p2,HOURLY,A,0,2021-06-04 03:57:26,P,2021-06-04 04:00:00
tdc74p2,HOURLY,A,0,2021-06-03 23:12:24,P,2021-06-03 23:15:00
tdc74p2,HOURLY,A,29,2021-06-03 17:56:25,P,2021-06-03 18:00:00
tdc74p2,HOURLY,A,5,2021-06-17 22:42:06,P,2021-06-17 22:45:00
tdc74p2,HOURLY,A,28,2021-06-17 19:43:06,P,2021-06-17 19:45:00
tdc74p2,HOURLY,A,26,2021-06-17 16:43:06,P,2021-06-17 16:45:00
tdc74p2,HOURLY,A,29,2021-06-17 13:42:06,P,2021-06-17 13:45:00
tdc74p2,HOURLY,A,29,2021-06-17 10:56:05,P,2021-06-17 11:00:00
tdc74p2,HOURLY,A,17,2021-06-17 07:57:04,P,2021-06-17 08:00:00
tdc74p2,HOURLY,A,0,2021-06-17 04:57:04,P,2021-06-17 05:00:00
tdc74p2,HOURLY,A,0,2021-06-17 01:41:04,P,2021-06-17 01:45:00
tdc74p2,HOURLY,A,0,2021-06-16 22:57:04,P,2021-06-16 23:00:00
tdc74p2,HOURLY,A,19,2021-06-16 19:56:04,P,2021-06-16 20:00:00
tdc74p2,HOURLY,A,29,2021-06-16 16:57:04,P,2021-06-16 17:00:00
tdc74p2,HOURLY,A,29,2021-06-16 13:13:04,P,2021-06-16 13:15:00
tdc74p2,HOURLY,A,29,2021-06-16 10:12:04,P,2021-06-16 10:15:00
tdc74p2,HOURLY,A,13,2021-06-16 07:11:04,P,2021-06-16 07:15:00
tdc74p2,HOURLY,A,0,2021-06-16 04:27:03,P,2021-06-16 04:30:00
tdc74p2,HOURLY,A,0,2021-06-16 01:41:03,P,2021-06-16 01:45:00
tdc74p2,HOURLY,A,13,2021-06-15 22:11:03,P,2021-06-15 22:15:00
tdc74p2,HOURLY,A,26,2021-06-15 18:56:03,P,2021-06-15 19:00:00
tdc74p2,HOURLY,A,21,2021-06-15 16:56:03,P,2021-06-15 17:00:00
tdc74p2,HOURLY,A,0,2021-06-15 04:12:03,P,2021-06-15 04:15:00
tdc74p2,HOURLY,A,0,2021-06-15 01:12:03,P,2021-06-15 01:15:00
tdc74p2,HOURLY,A,29,2021-06-14 21:42:03,P,2021-06-14 21:45:00
tdc74p2,HOURLY,A,0,2021-06-13 03:58:03,P,2021-06-13 04:00:00
tdc74p2,HOURLY,A,29,2021-06-12 21:56:03,P,2021-06-12 22:00:00
tdc74p2,HOURLY,A,17,2021-06-12 14:13:03,P,2021-06-12 14:15:00
tdc74p2,HOURLY,A,10,2021-06-12 07:42:03,P,2021-06-12 07:45:00
tdc74p2,HOURLY,A,0,2021-06-12 01:41:03,P,2021-06-12 01:45:00
tdc74p2,HOURLY,A,19,2021-06-11 20:12:03,P,2021-06-11 20:15:00
tdc74p2,HOURLY,A,29,2021-06-11 12:26:04,P,2021-06-11 12:30:00
tdc74p2,HOURLY,A,0,2021-06-11 03:11:03,P,2021-06-11 03:15:00
tdc74p2,HOURLY,A,25,2021-06-10 20:27:04,P,2021-06-10 20:30:00
tdc74p2,HOURLY,A,0,2021-06-04 06:41:26,P,2021-06-04 06:45:00
tdc74p2,HOURLY,A,0,2021-06-03 21:56:25,P,2021-06-03 22:00:00
tdc74p2,HOURLY,A,13,2021-06-04 08:28:26,P,2021-06-04 08:30:00
tdc74p2,HOURLY,A,16,2021-06-17 21:26:06,P,2021-06-17 21:30:00
tdc74p2,HOURLY,A,26,2021-06-17 19:12:06,P,2021-06-17 19:15:00
tdc74p2,HOURLY,A,29,2021-06-17 16:12:05,P,2021-06-17 16:15:00
tdc74p2,HOURLY,A,29,2021-06-17 13:26:05,P,2021-06-17 13:30:00
tdc74p2,HOURLY,A,11,2021-06-17 09:26:04,P,2021-06-17 09:30:00
tdc74p2,HOURLY,A,0,2021-06-17 06:43:05,P,2021-06-17 06:45:00
tdc74p2,HOURLY,A,0,2021-06-17 03:56:05,P,2021-06-17 04:00:00
tdc74p2,HOURLY,A,0,2021-06-17 01:12:05,P,2021-06-17 01:15:00
tdc74p2,HOURLY,A,3,2021-06-16 22:12:04,P,2021-06-16 22:15:00
tdc74p2,HOURLY,A,23,2021-06-16 19:28:05,P,2021-06-16 19:30:00
tdc74p2,HOURLY,A,29,2021-06-16 15:57:04,P,2021-06-16 16:00:00
tdc74p2,HOURLY,A,29,2021-06-16 12:57:04,P,2021-06-16 13:00:00
tdc74p2,HOURLY,A,29,2021-06-16 09:27:04,P,2021-06-16 09:30:00
tdc74p2,HOURLY,A,0,2021-06-16 06:27:06,P,2021-06-16 06:30:00
tdc74p2,HOURLY,A,0,2021-06-16 03:27:03,P,2021-06-16 03:30:00
tdc74p2,HOURLY,A,0,2021-06-16 00:56:03,P,2021-06-16 01:00:00
tdc74p2,HOURLY,A,12,2021-06-15 22:42:03,P,2021-06-15 22:45:00
tdc74p2,HOURLY,A,27,2021-06-15 19:10:03,P,2021-06-15 19:15:00
tdc74p2,HOURLY,A,23,2021-06-15 16:28:04,P,2021-06-15 16:30:00
tdc74p2,HOURLY,A,24,2021-06-15 09:57:03,P,2021-06-15 10:00:00
tdc74p2,HOURLY,A,0,2021-06-15 01:57:03,P,2021-06-15 02:00:00
tdc74p2,HOURLY,A,23,2021-06-14 19:56:03,P,2021-06-14 20:00:00
tdc74p2,HOURLY,A,18,2021-06-13 07:27:04,P,2021-06-13 07:30:00
tdc74p2,HOURLY,A,7,2021-06-13 00:27:03,P,2021-06-13 00:30:00
tdc74p2,HOURLY,A,29,2021-06-12 18:27:04,P,2021-06-12 18:30:00
tdc74p2,HOURLY,A,22,2021-06-12 11:43:04,P,2021-06-12 11:45:00
tdc74p2,HOURLY,A,0,2021-06-12 02:56:03,P,2021-06-12 03:00:00
tdc74p2,HOURLY,A,29,2021-06-11 10:12:03,P,2021-06-11 10:15:00
tdc74p2,HOURLY,A,16,2021-06-11 08:11:03,P,2021-06-11 08:15:00
tdc74p2,HOURLY,A,0,2021-06-11 01:57:04,P,2021-06-11 02:00:00
tdc74p2,HOURLY,A,12,2021-06-10 21:27:03,P,2021-06-10 21:30:00
tdc74p2,HOURLY,A,29,2021-06-10 17:42:04,P,2021-06-10 17:45:00
tdc74p2,HOURLY,A,29,2021-06-10 13:56:04,P,2021-06-10 14:00:00
tdc74p2,HOURLY,A,29,2021-06-10 10:57:03,P,2021-06-10 11:00:00
tdc74p2,HOURLY,A,21,2021-06-10 08:12:03,P,2021-06-10 08:15:00
tdc74p2,HOURLY,A,0,2021-06-10 05:13:03,P,2021-06-10 05:15:00
tdc74p2,HOURLY,A,0,2021-06-10 02:13:04,P,2021-06-10 02:15:00
tdc74p2,HOURLY,A,0,2021-06-09 23:26:03,P,2021-06-09 23:30:00
tdc74p2,HOURLY,A,11,2021-06-09 20:26:03,P,2021-06-09 20:30:00
tdc74p2,HOURLY,A,28,2021-06-09 17:43:03,P,2021-06-09 17:45:00
tdc74p2,HOURLY,A,29,2021-06-09 15:42:03,P,2021-06-09 15:45:00
tdc74p2,HOURLY,A,29,2021-06-09 13:28:04,P,2021-06-09 13:30:00
tdc74p2,HOURLY,A,0,2021-06-09 06:27:03,P,2021-06-09 06:30:00
tdc74p2,HOURLY,A,0,2021-06-09 04:57:03,P,2021-06-09 05:00:00
tdc74p2,HOURLY,A,0,2021-06-09 01:56:03,P,2021-06-09 02:00:00
tdc74p2,HOURLY,A,18,2021-06-08 22:26:03,P,2021-06-08 22:30:00
tdc74p2,HOURLY,A,21,2021-06-08 19:11:03,P,2021-06-08 19:15:00
tdc74p2,HOURLY,A,29,2021-06-08 16:57:26,P,2021-06-08 17:00:00
tdc74p2,HOURLY,A,29,2021-06-08 13:58:26,P,2021-06-08 14:00:00
tdc74p2,HOURLY,A,29,2021-06-08 12:57:25,P,2021-06-08 13:00:00
tdc74p2,HOURLY,A,22,2021-06-08 08:41:25,P,2021-06-08 08:45:00
tdc74p2,HOURLY,A,0,2021-06-08 05:58:25,P,2021-06-08 06:00:00
tdc74p2,HOURLY,A,0,2021-06-08 04:57:25,P,2021-06-08 05:00:00
tdc74p2,HOURLY,A,10,2021-06-07 22:12:25,P,2021-06-07 22:15:00
tdc74p2,HOURLY,A,10,2021-06-07 20:11:26,P,2021-06-07 20:15:00
tdc74p2,HOURLY,A,29,2021-06-07 16:42:26,P,2021-06-07 16:45:00
tdc74p2,HOURLY,A,29,2021-06-07 14:28:24,P,2021-06-07 14:30:00
tdc74p2,HOURLY,A,13,2021-06-07 07:27:25,P,2021-06-07 07:30:00
tdc74p2,HOURLY,A,0,2021-06-07 05:11:26,P,2021-06-07 05:15:00
tdc74p2,HOURLY,A,10,2021-06-06 23:42:29,P,2021-06-06 23:45:00
tdc74p2,HOURLY,A,29,2021-06-06 20:12:25,P,2021-06-06 20:15:00
tdc74p2,HOURLY,A,7,2021-06-06 17:42:25,P,2021-06-06 17:45:00
tdc74p2,HOURLY,A,0,2021-06-06 11:57:26,P,2021-06-06 12:00:00
tdc74p2,HOURLY,A,7,2021-06-06 07:28:24,P,2021-06-06 07:30:00
tdc74p2,HOURLY,A,0,2021-06-06 05:27:27,P,2021-06-06 05:30:00
tdc74p2,HOURLY,A,0,2021-06-06 02:57:26,P,2021-06-06 03:00:00
tdc74p2,HOURLY,A,14,2021-06-05 23:57:26,P,2021-06-06 00:00:00
tdc74p2,HOURLY,A,25,2021-06-05 19:12:26,P,2021-06-05 19:15:00
tdc74p2,HOURLY,A,19,2021-06-05 15:56:25,P,2021-06-05 16:00:00
tdc74p2,HOURLY,A,21,2021-06-05 14:12:25,P,2021-06-05 14:15:00
tdc74p2,HOURLY,A,2,2021-06-05 10:11:27,P,2021-06-05 10:15:00
tdc74p2,HOURLY,A,4,2021-06-05 07:26:25,P,2021-06-05 07:30:00
tdc74p2,HOURLY,A,0,2021-06-05 04:12:26,P,2021-06-05 04:15:00
tdc74p2,HOURLY,A,29,2021-06-04 16:42:26,P,2021-06-04 16:45:00
tdc74p2,HOURLY,A,29,2021-06-04 14:57:25,P,2021-06-04 15:00:00
tdc74p2,HOURLY,A,29,2021-06-04 13:28:25,P,2021-06-04 13:30:00
tdc74p2,HOURLY,A,29,2021-06-04 09:57:24,P,2021-06-04 10:00:00
tdc74p2,HOURLY,A,0,2021-06-04 00:28:25,P,2021-06-04 00:30:00
tdc74p2,HOURLY,A,0,2021-06-17 23:42:06,P,2021-06-17 23:45:00
tdc74p2,HOURLY,A,19,2021-06-17 20:43:06,P,2021-06-17 20:45:00
tdc74p2,HOURLY,A,26,2021-06-17 17:41:06,P,2021-06-17 17:45:00
tdc74p2,HOURLY,A,29,2021-06-17 14:42:05,P,2021-06-17 14:45:00
tdc74p2,HOURLY,A,29,2021-06-17 11:42:06,P,2021-06-17 11:45:00
tdc74p2,HOURLY,A,16,2021-06-17 08:41:04,P,2021-06-17 08:45:00
tdc74p2,HOURLY,A,0,2021-06-17 05:56:05,P,2021-06-17 06:00:00
tdc74p2,HOURLY,A,0,2021-06-17 02:56:04,P,2021-06-17 03:00:00
tdc74p2,HOURLY,A,0,2021-06-16 23:57:04,P,2021-06-17 00:00:00
tdc74p2,HOURLY,A,14,2021-06-16 20:56:04,P,2021-06-16 21:00:00
tdc74p2,HOURLY,A,29,2021-06-16 17:57:04,P,2021-06-16 18:00:00
tdc74p2,HOURLY,A,29,2021-06-16 14:56:04,P,2021-06-16 15:00:00
tdc74p2,HOURLY,A,29,2021-06-16 11:57:04,P,2021-06-16 12:00:00
tdc74p2,HOURLY,A,25,2021-06-16 08:58:04,P,2021-06-16 09:00:00
tdc74p2,HOURLY,A,0,2021-06-16 05:58:02,P,2021-06-16 06:00:00
tdc74p2,HOURLY,A,0,2021-06-16 02:56:04,P,2021-06-16 03:00:00
tdc74p2,HOURLY,A,0,2021-06-15 23:57:03,P,2021-06-16 00:00:00
tdc74p2,HOURLY,A,29,2021-06-15 18:13:03,P,2021-06-15 18:15:00
tdc74p2,HOURLY,A,29,2021-06-15 15:12:03,P,2021-06-15 15:15:00
tdc74p2,HOURLY,A,29,2021-06-15 11:56:19,P,2021-06-15 12:00:00
tdc74p2,HOURLY,A,0,2021-06-15 02:41:03,P,2021-06-15 02:45:00
tdc74p2,HOURLY,A,22,2021-06-14 19:13:02,P,2021-06-14 19:15:00
tdc74p2,HOURLY,A,7,2021-06-14 15:26:03,P,2021-06-14 15:30:00
tdc74p2,HOURLY,A,19,2021-06-14 12:27:05,P,2021-06-14 12:30:00
tdc74p2,HOURLY,A,0,2021-06-14 09:11:04,P,2021-06-14 09:15:00
tdc74p2,HOURLY,A,0,2021-06-14 06:12:05,P,2021-06-14 06:15:00
tdc74p2,HOURLY,A,0,2021-06-14 03:11:05,P,2021-06-14 03:15:00
tdc74p2,HOURLY,A,7,2021-06-13 23:56:04,P,2021-06-14 00:00:00
tdc74p2,HOURLY,A,25,2021-06-13 21:12:05,P,2021-06-13 21:15:00
tdc74p2,HOURLY,A,11,2021-06-13 17:57:05,P,2021-06-13 18:00:00
tdc74p2,HOURLY,A,20,2021-06-13 14:12:04,P,2021-06-13 14:15:00
tdc74p2,HOURLY,A,10,2021-06-13 10:57:04,P,2021-06-13 11:00:00
tdc74p2,HOURLY,A,0,2021-06-13 05:57:04,P,2021-06-13 06:00:00
tdc74p2,HOURLY,A,29,2021-06-12 20:13:03,P,2021-06-12 20:15:00
tdc74p2,HOURLY,A,21,2021-06-12 12:57:03,P,2021-06-12 13:00:00
tdc74p2,HOURLY,A,0,2021-06-12 04:11:03,P,2021-06-12 04:15:00
tdc74p2,HOURLY,A,19,2021-06-11 19:58:03,P,2021-06-11 20:00:00
tdc74p2,HOURLY,A,20,2021-06-11 09:42:03,P,2021-06-11 09:45:00
tdc74p2,HOURLY,A,0,2021-06-11 07:11:03,P,2021-06-11 07:15:00
tdc74p2,HOURLY,A,3,2021-06-10 22:41:04,P,2021-06-10 22:45:00
tdc74p2,HOURLY,A,24,2021-06-10 17:28:04,P,2021-06-10 17:30:00
tdc74p2,HOURLY,A,0,2021-06-04 02:11:25,P,2021-06-04 02:15:00
tdc74p2,HOURLY,A,19,2021-06-03 20:12:25,P,2021-06-03 20:15:00
tdc74p2,HOURLY,A,27,2021-06-15 09:12:03,P,2021-06-15 09:15:00
tdc74p2,HOURLY,A,0,2021-06-15 06:13:03,P,2021-06-15 06:15:00
tdc74p2,HOURLY,A,3,2021-06-14 23:43:03,P,2021-06-14 23:45:00
tdc74p2,HOURLY,A,4,2021-06-14 15:57:03,P,2021-06-14 16:00:00
tdc74p2,HOURLY,A,22,2021-06-14 12:56:04,P,2021-06-14 13:00:00
tdc74p2,HOURLY,A,0,2021-06-14 09:58:05,P,2021-06-14 10:00:00
tdc74p2,HOURLY,A,3,2021-06-14 06:57:04,P,2021-06-14 07:00:00
tdc74p2,HOURLY,A,0,2021-06-14 03:57:19,P,2021-06-14 04:00:00
tdc74p2,HOURLY,A,0,2021-06-14 00:57:05,P,2021-06-14 01:00:00
tdc74p2,HOURLY,A,29,2021-06-13 21:57:05,P,2021-06-13 22:00:00
tdc74p2,HOURLY,A,18,2021-06-13 18:57:04,P,2021-06-13 19:00:00
tdc74p2,HOURLY,A,13,2021-06-13 15:57:04,P,2021-06-13 16:00:00
tdc74p2,HOURLY,A,28,2021-06-13 12:56:03,P,2021-06-13 13:00:00
tdc74p2,HOURLY,A,6,2021-06-13 09:57:03,P,2021-06-13 10:00:00
tdc74p2,HOURLY,A,1,2021-06-13 06:25:03,P,2021-06-13 06:30:00
tdc74p2,HOURLY,A,29,2021-06-12 22:26:04,P,2021-06-12 22:30:00
tdc74p2,HOURLY,A,29,2021-06-12 17:13:03,P,2021-06-12 17:15:00
tdc74p2,HOURLY,A,24,2021-06-12 10:11:03,P,2021-06-12 10:15:00
tdc74p2,HOURLY,A,0,2021-06-12 06:12:03,P,2021-06-12 06:15:00
tdc74p2,HOURLY,A,0,2021-06-11 23:57:03,P,2021-06-12 00:00:00
tdc74p2,HOURLY,A,28,2021-06-11 18:12:04,P,2021-06-11 18:15:00
tdc74p2,HOURLY,A,29,2021-06-11 11:27:04,P,2021-06-11 11:30:00
tdc74p2,HOURLY,A,0,2021-06-11 01:12:03,P,2021-06-11 01:15:00
tdc74p2,HOURLY,A,29,2021-06-10 16:42:04,P,2021-06-10 16:45:00
tdc74p2,HOURLY,A,29,2021-06-10 13:27:04,P,2021-06-10 13:30:00
tdc74p2,HOURLY,A,28,2021-06-10 10:12:04,P,2021-06-10 10:15:00
tdc74p2,HOURLY,A,0,2021-06-10 06:27:04,P,2021-06-10 06:30:00
tdc74p2,HOURLY,A,0,2021-06-10 03:12:05,P,2021-06-10 03:15:00
tdc74p2,HOURLY,A,0,2021-06-10 01:12:04,P,2021-06-10 01:15:00
tdc74p2,HOURLY,A,9,2021-06-09 22:11:03,P,2021-06-09 22:15:00
tdc74p2,HOURLY,A,23,2021-06-09 18:43:03,P,2021-06-09 18:45:00
tdc74p2,HOURLY,A,29,2021-06-09 14:11:04,P,2021-06-09 14:15:00
tdc74p2,HOURLY,A,29,2021-06-09 11:43:04,P,2021-06-09 11:45:00
tdc74p2,HOURLY,A,10,2021-06-09 07:56:04,P,2021-06-09 08:00:00
tdc74p2,HOURLY,A,0,2021-06-09 05:42:04,P,2021-06-09 05:45:00
tdc74p2,HOURLY,A,0,2021-06-09 03:26:03,P,2021-06-09 03:30:00
tdc74p2,HOURLY,A,0,2021-06-09 00:43:03,P,2021-06-09 00:45:00
tdc74p2,HOURLY,A,15,2021-06-08 21:55:27,P,2021-06-08 22:00:00
tdc74p2,HOURLY,A,29,2021-06-08 10:41:26,P,2021-06-08 10:45:00
tdc74p2,HOURLY,A,23,2021-06-08 09:27:26,P,2021-06-08 09:30:00
tdc74p2,HOURLY,A,18,2021-06-08 07:41:26,P,2021-06-08 07:45:00
tdc74p2,HOURLY,A,0,2021-06-08 05:42:26,P,2021-06-08 05:45:00
tdc74p2,HOURLY,A,0,2021-06-08 02:43:26,P,2021-06-08 02:45:00
tdc74p2,HOURLY,A,0,2021-06-08 00:27:27,P,2021-06-08 00:30:00
tdc74p2,HOURLY,A,15,2021-06-07 21:12:25,P,2021-06-07 21:15:00
tdc74p2,HOURLY,A,24,2021-06-07 18:42:26,P,2021-06-07 18:45:00
tdc74p2,HOURLY,A,29,2021-06-07 15:26:25,P,2021-06-07 15:30:00
tdc74p2,HOURLY,A,29,2021-06-07 13:27:26,P,2021-06-07 13:30:00
tdc74p2,HOURLY,A,29,2021-06-07 12:13:25,P,2021-06-07 12:15:00
tdc74p2,HOURLY,A,29,2021-06-07 10:42:26,P,2021-06-07 10:45:00
tdc74p2,HOURLY,A,21,2021-06-07 08:28:27,P,2021-06-07 08:30:00
tdc74p2,HOURLY,A,10,2021-06-07 06:58:27,P,2021-06-07 07:00:00
tdc74p2,HOURLY,A,0,2021-06-07 03:56:26,P,2021-06-07 04:00:00
tdc74p2,HOURLY,A,29,2021-06-06 21:13:25,P,2021-06-06 21:15:00
tdc74p2,HOURLY,A,25,2021-06-06 18:56:26,P,2021-06-06 19:00:00
tdc74p2,HOURLY,A,0,2021-06-06 16:56:26,P,2021-06-06 17:00:00
tdc74p2,HOURLY,A,18,2021-06-06 14:13:26,P,2021-06-06 14:15:00
tdc74p2,HOURLY,A,0,2021-06-06 11:42:26,P,2021-06-06 11:45:00
tdc74p2,HOURLY,A,5,2021-06-06 09:12:25,P,2021-06-06 09:15:00
tdc74p2,HOURLY,A,0,2021-06-06 06:43:26,P,2021-06-06 06:45:00
tdc74p2,HOURLY,A,0,2021-06-06 04:28:27,P,2021-06-06 04:30:00
tdc74p2,HOURLY,A,0,2021-06-06 02:27:27,P,2021-06-06 02:30:00
tdc74p2,HOURLY,A,15,2021-06-05 23:42:25,P,2021-06-05 23:45:00
tdc74p2,HOURLY,A,12,2021-06-05 17:27:24,P,2021-06-05 17:30:00
tdc74p2,HOURLY,A,19,2021-06-05 13:13:25,P,2021-06-05 13:15:00
tdc74p2,HOURLY,A,10,2021-06-05 08:57:25,P,2021-06-05 09:00:00
tdc74p2,HOURLY,A,3,2021-06-05 07:12:24,P,2021-06-05 07:15:00
tdc74p2,HOURLY,A,0,2021-06-04 23:41:24,P,2021-06-04 23:45:00
tdc74p2,HOURLY,A,24,2021-06-04 21:41:24,P,2021-06-04 21:45:00
tdc74p2,HOURLY,A,21,2021-06-04 19:13:26,P,2021-06-04 19:15:00
tdc74p2,HOURLY,A,29,2021-06-04 16:28:26,P,2021-06-04 16:30:00
tdc74p2,HOURLY,A,29,2021-06-04 14:12:25,P,2021-06-04 14:15:00
tdc74p2,HOURLY,A,29,2021-06-04 12:12:25,P,2021-06-04 12:15:00
tdc74p2,HOURLY,A,16,2021-06-04 08:41:25,P,2021-06-04 08:45:00
tdc74p2,HOURLY,A,0,2021-06-04 04:56:24,P,2021-06-04 05:00:00
tdc74p2,HOURLY,A,0,2021-06-03 23:57:24,P,2021-06-04 00:00:00
tdc74p2,HOURLY,A,28,2021-06-15 15:57:03,P,2021-06-15 16:00:00
tdc74p2,HOURLY,A,0,2021-06-15 03:12:03,P,2021-06-15 03:15:00
tdc74p2,HOURLY,A,29,2021-06-14 20:28:03,P,2021-06-14 20:30:00
tdc74p2,HOURLY,A,26,2021-06-13 08:28:03,P,2021-06-13 08:30:00
tdc74p2,HOURLY,A,5,2021-06-13 00:56:04,P,2021-06-13 01:00:00
tdc74p2,HOURLY,A,17,2021-06-12 23:26:05,P,2021-06-12 23:30:00
tdc74p2,HOURLY,A,26,2021-06-12 18:11:04,P,2021-06-12 18:15:00
tdc74p2,HOURLY,A,27,2021-06-12 12:12:04,P,2021-06-12 12:15:00
tdc74p2,HOURLY,A,0,2021-06-12 03:12:04,P,2021-06-12 03:15:00
tdc74p2,HOURLY,A,17,2021-06-11 20:57:03,P,2021-06-11 21:00:00
tdc74p2,HOURLY,A,29,2021-06-11 14:56:03,P,2021-06-11 15:00:00
tdc74p2,HOURLY,A,28,2021-06-11 10:27:04,P,2021-06-11 10:30:00
tdc74p2,HOURLY,A,0,2021-06-11 05:42:04,P,2021-06-11 05:45:00
tdc74p2,HOURLY,A,0,2021-06-10 23:56:04,P,2021-06-11 00:00:00
tdc74p2,HOURLY,A,13,2021-06-04 07:57:24,P,2021-06-04 08:00:00
tdc74p2,HOURLY,A,23,2021-06-03 19:57:25,P,2021-06-03 20:00:00
tdc74p2,HOURLY,A,4,2021-06-17 22:56:06,P,2021-06-17 23:00:00
tdc74p2,HOURLY,A,24,2021-06-17 19:57:06,P,2021-06-17 20:00:00
tdc74p2,HOURLY,A,27,2021-06-17 16:56:06,P,2021-06-17 17:00:00
tdc74p2,HOURLY,A,29,2021-06-17 14:13:05,P,2021-06-17 14:15:00
tdc74p2,HOURLY,A,29,2021-06-17 11:13:05,P,2021-06-17 11:15:00
tdc74p2,HOURLY,A,18,2021-06-17 08:28:14,P,2021-06-17 08:30:00
tdc74p2,HOURLY,A,0,2021-06-17 05:27:04,P,2021-06-17 05:30:00
tdc74p2,HOURLY,A,0,2021-06-17 02:27:04,P,2021-06-17 02:30:00
tdc74p2,HOURLY,A,0,2021-06-16 23:28:04,P,2021-06-16 23:30:00
tdc74p2,HOURLY,A,13,2021-06-16 20:27:04,P,2021-06-16 20:30:00
tdc74p2,HOURLY,A,29,2021-06-16 17:12:04,P,2021-06-16 17:15:00
tdc74p2,HOURLY,A,27,2021-06-16 14:13:04,P,2021-06-16 14:15:00
tdc74p2,HOURLY,A,29,2021-06-16 11:12:03,P,2021-06-16 11:15:00
tdc74p2,HOURLY,A,24,2021-06-16 08:27:04,P,2021-06-16 08:30:00
tdc74p2,HOURLY,A,0,2021-06-16 05:28:03,P,2021-06-16 05:30:00
tdc74p2,HOURLY,A,0,2021-06-16 02:42:03,P,2021-06-16 02:45:00
tdc74p2,HOURLY,A,0,2021-06-15 23:43:03,P,2021-06-15 23:45:00
tdc74p2,HOURLY,A,18,2021-06-15 19:56:02,P,2021-06-15 20:00:00
tdc74p2,HOURLY,A,29,2021-06-15 12:13:02,P,2021-06-15 12:15:00
tdc74p2,HOURLY,A,0,2021-06-15 05:27:07,P,2021-06-15 05:30:00
tdc74p2,HOURLY,A,26,2021-06-14 22:11:03,P,2021-06-14 22:15:00
tdc74p2,HOURLY,A,10,2021-06-14 16:42:03,P,2021-06-14 16:45:00
tdc74p2,HOURLY,A,27,2021-06-14 14:12:04,P,2021-06-14 14:15:00
tdc74p2,HOURLY,A,0,2021-06-14 10:13:05,P,2021-06-14 10:15:00
tdc74p2,HOURLY,A,11,2021-06-14 07:11:05,P,2021-06-14 07:15:00
tdc74p2,HOURLY,A,0,2021-06-14 04:12:05,P,2021-06-14 04:15:00
tdc74p2,HOURLY,A,0,2021-06-14 01:28:05,P,2021-06-14 01:30:00
tdc74p2,HOURLY,A,29,2021-06-13 22:26:04,P,2021-06-13 22:30:00
tdc74p2,HOURLY,A,29,2021-06-13 19:26:05,P,2021-06-13 19:30:00
tdc74p2,HOURLY,A,11,2021-06-13 16:28:05,P,2021-06-13 16:30:00
tdc74p2,HOURLY,A,19,2021-06-13 14:27:04,P,2021-06-13 14:30:00
tdc74p2,HOURLY,A,8,2021-06-13 10:42:03,P,2021-06-13 10:45:00
tdc74p2,HOURLY,A,0,2021-06-13 05:26:04,P,2021-06-13 05:30:00
tdc74p2,HOURLY,A,29,2021-06-12 22:12:03,P,2021-06-12 22:15:00
tdc74p2,HOURLY,A,23,2021-06-12 13:57:03,P,2021-06-12 14:00:00
tdc74p2,HOURLY,A,10,2021-06-12 08:11:03,P,2021-06-12 08:15:00
tdc74p2,HOURLY,A,1,2021-06-11 23:41:02,P,2021-06-11 23:45:00
tdc74p2,HOURLY,A,19,2021-06-11 18:27:03,P,2021-06-11 18:30:00
tdc74p2,HOURLY,A,29,2021-06-11 14:42:04,P,2021-06-11 14:45:00
tdc74p2,HOURLY,A,16,2021-06-11 08:42:03,P,2021-06-11 08:45:00
tdc74p2,HOURLY,A,0,2021-06-11 01:42:04,P,2021-06-11 01:45:00
tdc74p2,HOURLY,A,10,2021-06-04 07:43:25,P,2021-06-04 07:45:00
tdc74p2,HOURLY,A,0,2021-06-03 22:58:25,P,2021-06-03 23:00:00
tdc74p2,HOURLY,A,0,2021-06-17 23:27:06,P,2021-06-17 23:30:00
tdc74p2,HOURLY,A,23,2021-06-17 20:12:06,P,2021-06-17 20:15:00
tdc74p2,HOURLY,A,26,2021-06-17 17:12:07,P,2021-06-17 17:15:00
tdc74p2,HOURLY,A,29,2021-06-17 13:57:05,P,2021-06-17 14:00:00
tdc74p2,HOURLY,A,29,2021-06-17 10:42:05,P,2021-06-17 10:45:00
tdc74p2,HOURLY,A,22,2021-06-17 08:12:04,P,2021-06-17 08:15:00
tdc74p2,HOURLY,A,0,2021-06-17 05:11:04,P,2021-06-17 05:15:00
tdc74p2,HOURLY,A,0,2021-06-17 02:13:04,P,2021-06-17 02:15:00
tdc74p2,HOURLY,A,7,2021-06-16 22:27:03,P,2021-06-16 22:30:00
tdc74p2,HOURLY,A,26,2021-06-16 19:13:04,P,2021-06-16 19:15:00
tdc74p2,HOURLY,A,29,2021-06-16 16:41:03,P,2021-06-16 16:45:00
tdc74p2,HOURLY,A,29,2021-06-16 13:42:04,P,2021-06-16 13:45:00
tdc74p2,HOURLY,A,29,2021-06-16 10:26:04,P,2021-06-16 10:30:00
tdc74p2,HOURLY,A,20,2021-06-16 07:27:04,P,2021-06-16 07:30:00
tdc74p2,HOURLY,A,0,2021-06-16 04:13:03,P,2021-06-16 04:15:00
tdc74p2,HOURLY,A,0,2021-06-16 00:42:03,P,2021-06-16 00:45:00
tdc74p2,HOURLY,A,14,2021-06-15 22:26:03,P,2021-06-15 22:30:00
tdc74p2,HOURLY,A,18,2021-06-15 19:41:03,P,2021-06-15 19:45:00
tdc74p2,HOURLY,A,26,2021-06-15 16:42:07,P,2021-06-15 16:45:00
tdc74p2,HOURLY,A,29,2021-06-15 11:28:05,P,2021-06-15 11:30:00
tdc74p2,HOURLY,A,0,2021-06-15 04:41:03,P,2021-06-15 04:45:00
tdc74p2,HOURLY,A,29,2021-06-14 21:26:03,P,2021-06-14 21:30:00
tdc74p2,HOURLY,A,12,2021-06-12 23:57:04,P,2021-06-13 00:00:00
tdc74p2,HOURLY,A,20,2021-06-12 15:58:03,P,2021-06-12 16:00:00
tdc74p2,HOURLY,A,24,2021-06-12 10:27:04,P,2021-06-12 10:30:00
tdc74p2,HOURLY,A,0,2021-06-12 00:56:03,P,2021-06-12 01:00:00
tdc74p2,HOURLY,A,22,2021-06-11 19:41:03,P,2021-06-11 19:45:00
tdc74p2,HOURLY,A,29,2021-06-11 12:12:03,P,2021-06-11 12:15:00
tdc74p2,HOURLY,A,0,2021-06-11 02:57:03,P,2021-06-11 03:00:00
tdc74p2,HOURLY,A,0,2021-06-04 05:12:24,P,2021-06-04 05:15:00
tdc74p2,HOURLY,A,5,2021-06-03 21:26:25,P,2021-06-03 21:30:00
tdc74p2,HOURLY,A,29,2021-06-15 17:27:03,P,2021-06-15 17:30:00
tdc74p2,HOURLY,A,29,2021-06-15 11:42:03,P,2021-06-15 11:45:00
tdc74p2,HOURLY,A,29,2021-06-15 07:56:03,P,2021-06-15 08:00:00
tdc74p2,HOURLY,A,0,2021-06-15 04:57:02,P,2021-06-15 05:00:00
tdc74p2,HOURLY,A,29,2021-06-14 22:27:03,P,2021-06-14 22:30:00
tdc74p2,HOURLY,A,25,2021-06-14 20:12:03,P,2021-06-14 20:15:00
tdc74p2,HOURLY,A,0,2021-06-13 04:11:03,P,2021-06-13 04:15:00
tdc74p2,HOURLY,A,0,2021-06-13 01:12:04,P,2021-06-13 01:15:00
tdc74p2,HOURLY,A,29,2021-06-12 22:58:04,P,2021-06-12 23:00:00
tdc74p2,HOURLY,A,29,2021-06-12 19:12:04,P,2021-06-12 19:15:00
tdc74p2,HOURLY,A,24,2021-06-12 09:42:03,P,2021-06-12 09:45:00
tdc74p2,HOURLY,A,0,2021-06-12 01:27:04,P,2021-06-12 01:30:00
tdc74p2,HOURLY,A,22,2021-06-11 22:11:03,P,2021-06-11 22:15:00
tdc74p2,HOURLY,A,29,2021-06-11 15:27:03,P,2021-06-11 15:30:00
tdc74p2,HOURLY,A,5,2021-06-11 07:27:03,P,2021-06-11 07:30:00
tdc74p2,HOURLY,A,0,2021-06-11 03:28:03,P,2021-06-11 03:30:00
tdc74p2,HOURLY,A,29,2021-06-10 17:11:04,P,2021-06-10 17:15:00
tdc74p2,HOURLY,A,0,2021-06-04 04:27:26,P,2021-06-04 04:30:00
tdc74p2,HOURLY,A,28,2021-06-03 18:12:24,P,2021-06-03 18:15:00
tdc74p2,HOURLY,A,0,2021-06-17 23:11:06,P,2021-06-17 23:15:00
tdc74p2,HOURLY,A,22,2021-06-17 20:28:06,P,2021-06-17 20:30:00
tdc74p2,HOURLY,A,23,2021-06-17 17:27:06,P,2021-06-17 17:30:00
tdc74p2,HOURLY,A,29,2021-06-17 14:28:05,P,2021-06-17 14:30:00
tdc74p2,HOURLY,A,29,2021-06-17 11:27:06,P,2021-06-17 11:30:00
tdc74p2,HOURLY,A,0,2021-06-17 06:56:04,P,2021-06-17 07:00:00
tdc74p2,HOURLY,A,0,2021-06-17 03:42:04,P,2021-06-17 03:45:00
tdc74p2,HOURLY,A,0,2021-06-17 00:56:05,P,2021-06-17 01:00:00
tdc74p2,HOURLY,A,2,2021-06-16 21:56:04,P,2021-06-16 22:00:00
tdc74p2,HOURLY,A,25,2021-06-16 18:42:04,P,2021-06-16 18:45:00
tdc74p2,HOURLY,A,29,2021-06-16 16:28:04,P,2021-06-16 16:30:00
tdc74p2,HOURLY,A,29,2021-06-16 13:56:04,P,2021-06-16 14:00:00
tdc74p2,HOURLY,A,29,2021-06-16 10:41:04,P,2021-06-16 10:45:00
tdc74p2,HOURLY,A,26,2021-06-16 07:56:04,P,2021-06-16 08:00:00
tdc74p2,HOURLY,A,0,2021-06-16 05:11:03,P,2021-06-16 05:15:00
tdc74p2,HOURLY,A,0,2021-06-16 02:11:03,P,2021-06-16 02:15:00
tdc74p2,HOURLY,A,0,2021-06-15 23:27:03,P,2021-06-15 23:30:00
tdc74p2,HOURLY,A,15,2021-06-15 20:57:02,P,2021-06-15 21:00:00
tdc74p2,HOURLY,A,29,2021-06-15 17:56:02,P,2021-06-15 18:00:00
tdc74p2,HOURLY,A,29,2021-06-15 14:26:03,P,2021-06-15 14:30:00
tdc74p2,HOURLY,A,29,2021-06-15 08:12:02,P,2021-06-15 08:15:00
tdc74p2,HOURLY,A,0,2021-06-15 00:41:03,P,2021-06-15 00:45:00
tdc74p2,HOURLY,A,22,2021-06-14 18:58:03,P,2021-06-14 19:00:00
tdc74p2,HOURLY,A,0,2021-06-13 03:12:03,P,2021-06-13 03:15:00
tdc74p2,HOURLY,A,9,2021-06-13 00:11:04,P,2021-06-13 00:15:00
tdc74p2,HOURLY,A,24,2021-06-12 16:27:04,P,2021-06-12 16:30:00
tdc74p2,HOURLY,A,26,2021-06-12 13:26:03,P,2021-06-12 13:30:00
tdc74p2,HOURLY,A,7,2021-06-12 07:26:03,P,2021-06-12 07:30:00
tdc74p2,HOURLY,A,25,2021-06-11 17:56:03,P,2021-06-11 18:00:00
tdc74p2,HOURLY,A,29,2021-06-11 11:12:15,P,2021-06-11 11:15:00
tdc74p2,HOURLY,A,14,2021-06-11 07:56:03,P,2021-06-11 08:00:00
tdc74p2,HOURLY,A,1,2021-06-10 22:57:04,P,2021-06-10 23:00:00
tdc74p2,HOURLY,A,27,2021-06-10 19:58:03,P,2021-06-10 20:00:00
tdc74p2,HOURLY,A,29,2021-06-10 16:28:04,P,2021-06-10 16:30:00
tdc74p2,HOURLY,A,29,2021-06-10 13:42:03,P,2021-06-10 13:45:00
tdc74p2,HOURLY,A,29,2021-06-10 10:41:04,P,2021-06-10 10:45:00
tdc74p2,HOURLY,A,17,2021-06-10 07:41:03,P,2021-06-10 07:45:00
tdc74p2,HOURLY,A,0,2021-06-10 04:43:04,P,2021-06-10 04:45:00
tdc74p2,HOURLY,A,0,2021-06-10 01:41:04,P,2021-06-10 01:45:00
tdc74p2,HOURLY,A,5,2021-06-09 22:43:03,P,2021-06-09 22:45:00
tdc74p2,HOURLY,A,19,2021-06-09 19:43:03,P,2021-06-09 19:45:00
tdc74p2,HOURLY,A,29,2021-06-09 16:27:04,P,2021-06-09 16:30:00
tdc74p2,HOURLY,A,29,2021-06-09 16:13:03,P,2021-06-09 16:15:00
tdc74p2,HOURLY,A,29,2021-06-09 15:58:03,P,2021-06-09 16:00:00
tdc74p2,HOURLY,A,29,2021-06-09 13:42:04,P,2021-06-09 13:45:00
tdc74p2,HOURLY,A,29,2021-06-09 11:57:05,P,2021-06-09 12:00:00
tdc74p2,HOURLY,A,0,2021-06-09 00:10:04,P,2021-06-09 00:15:00
tdc74p2,HOURLY,A,29,2021-06-08 18:28:03,P,2021-06-08 18:30:00
tdc74p2,HOURLY,A,29,2021-06-08 15:43:25,P,2021-06-08 15:45:00
tdc74p2,HOURLY,A,29,2021-06-08 13:42:27,P,2021-06-08 13:45:00
tdc74p2,HOURLY,A,29,2021-06-08 11:28:27,P,2021-06-08 11:30:00
tdc74p2,HOURLY,A,22,2021-06-08 09:12:25,P,2021-06-08 09:15:00
tdc74p2,HOURLY,A,12,2021-06-08 07:27:25,P,2021-06-08 07:30:00
tdc74p2,HOURLY,A,0,2021-06-08 05:26:26,P,2021-06-08 05:30:00
tdc74p2,HOURLY,A,0,2021-06-08 00:11:25,P,2021-06-08 00:15:00
tdc74p2,HOURLY,A,29,2021-06-07 18:11:25,P,2021-06-07 18:15:00
tdc74p2,HOURLY,A,29,2021-06-07 10:56:26,P,2021-06-07 11:00:00
tdc74p2,HOURLY,A,26,2021-06-07 09:26:26,P,2021-06-07 09:30:00
tdc74p2,HOURLY,A,0,2021-06-07 05:56:27,P,2021-06-07 06:00:00
tdc74p2,HOURLY,A,0,2021-06-07 02:41:25,P,2021-06-07 02:45:00
tdc74p2,HOURLY,A,4,2021-06-07 00:11:25,P,2021-06-07 00:15:00
tdc74p2,HOURLY,A,29,2021-06-06 21:58:25,P,2021-06-06 22:00:00
tdc74p2,HOURLY,A,29,2021-06-06 19:56:24,P,2021-06-06 20:00:00
tdc74p2,HOURLY,A,0,2021-06-06 16:13:27,P,2021-06-06 16:15:00
tdc74p2,HOURLY,A,12,2021-06-06 14:26:24,P,2021-06-06 14:30:00
tdc74p2,HOURLY,A,17,2021-06-06 08:57:24,P,2021-06-06 09:00:00
tdc74p2,HOURLY,A,0,2021-06-06 04:43:26,P,2021-06-06 04:45:00
tdc74p2,HOURLY,A,0,2021-06-06 02:43:27,P,2021-06-06 02:45:00
tdc74p2,HOURLY,A,12,2021-06-06 00:11:25,P,2021-06-06 00:15:00
tdc74p2,HOURLY,A,29,2021-06-05 20:13:25,P,2021-06-05 20:15:00
tdc74p2,HOURLY,A,5,2021-06-05 16:43:25,P,2021-06-05 16:45:00
tdc74p2,HOURLY,A,21,2021-06-05 13:42:25,P,2021-06-05 13:45:00
tdc74p2,HOURLY,A,4,2021-06-05 11:28:26,P,2021-06-05 11:30:00
tdc74p2,HOURLY,A,0,2021-06-05 06:43:24,P,2021-06-05 06:45:00
tdc74p2,HOURLY,A,0,2021-06-05 02:56:24,P,2021-06-05 03:00:00
tdc74p2,HOURLY,A,0,2021-06-05 01:11:26,P,2021-06-05 01:15:00
tdc74p2,HOURLY,A,0,2021-06-05 00:12:25,P,2021-06-05 00:15:00
tdc74p2,HOURLY,A,16,2021-06-04 22:11:25,P,2021-06-04 22:15:00
tdc74p2,HOURLY,A,22,2021-06-04 19:27:26,P,2021-06-04 19:30:00
tdc74p2,HOURLY,A,29,2021-06-04 17:42:26,P,2021-06-04 17:45:00
tdc74p2,HOURLY,A,15,2021-06-04 08:57:25,P,2021-06-04 09:00:00
tdc74p2,HOURLY,A,0,2021-06-03 23:41:25,P,2021-06-03 23:45:00
tdc74p2,HOURLY,A,29,2021-06-03 17:27:23,P,2021-06-03 17:30:00
tdc74p2,HOURLY,A,29,2021-06-15 08:28:02,P,2021-06-15 08:30:00
tdc74p2,HOURLY,A,2,2021-06-15 00:27:03,P,2021-06-15 00:30:00
tdc74p2,HOURLY,A,25,2021-06-14 19:43:03,P,2021-06-14 19:45:00
tdc74p2,HOURLY,A,0,2021-06-13 05:12:03,P,2021-06-13 05:15:00
tdc74p2,HOURLY,A,29,2021-06-12 22:43:03,P,2021-06-12 22:45:00
tdc74p2,HOURLY,A,29,2021-06-12 18:58:03,P,2021-06-12 19:00:00
tdc74p2,HOURLY,A,25,2021-06-12 12:26:04,P,2021-06-12 12:30:00
tdc74p2,HOURLY,A,0,2021-06-12 04:26:03,P,2021-06-12 04:30:00
tdc74p2,HOURLY,A,19,2021-06-11 22:42:03,P,2021-06-11 22:45:00
tdc74p2,HOURLY,A,29,2021-06-11 13:26:03,P,2021-06-11 13:30:00
tdc74p2,HOURLY,A,0,2021-06-11 06:56:03,P,2021-06-11 07:00:00
tdc74p2,HOURLY,A,0,2021-06-11 04:41:04,P,2021-06-11 04:45:00
tdc74p2,HOURLY,A,29,2021-06-10 16:57:04,P,2021-06-10 17:00:00
tdc74p2,HOURLY,A,0,2021-06-03 23:27:26,P,2021-06-03 23:30:00
tdc74p2,HOURLY,A,28,2021-06-15 08:57:02,P,2021-06-15 09:00:00
tdc74p2,HOURLY,A,2,2021-06-15 06:27:06,P,2021-06-15 06:30:00
tdc74p2,HOURLY,A,8,2021-06-14 23:28:03,P,2021-06-14 23:30:00
tdc74p2,HOURLY,A,3,2021-06-14 15:41:03,P,2021-06-14 15:45:00
tdc74p2,HOURLY,A,18,2021-06-14 12:41:04,P,2021-06-14 12:45:00
tdc74p2,HOURLY,A,0,2021-06-14 09:42:05,P,2021-06-14 09:45:00
tdc74p2,HOURLY,A,0,2021-06-14 06:26:04,P,2021-06-14 06:30:00
tdc74p2,HOURLY,A,0,2021-06-14 03:27:04,P,2021-06-14 03:30:00
tdc74p2,HOURLY,A,0,2021-06-14 00:27:05,P,2021-06-14 00:30:00
tdc74p2,HOURLY,A,29,2021-06-13 21:43:04,P,2021-06-13 21:45:00
tdc74p2,HOURLY,A,15,2021-06-13 18:41:05,P,2021-06-13 18:45:00
tdc74p2,HOURLY,A,15,2021-06-13 15:26:04,P,2021-06-13 15:30:00
tdc74p2,HOURLY,A,28,2021-06-13 12:28:03,P,2021-06-13 12:30:00
tdc74p2,HOURLY,A,21,2021-06-13 09:26:04,P,2021-06-13 09:30:00
tdc74p2,HOURLY,A,0,2021-06-13 02:27:03,P,2021-06-13 02:30:00
tdc74p2,HOURLY,A,21,2021-06-12 16:13:04,P,2021-06-12 16:15:00
tdc74p2,HOURLY,A,23,2021-06-12 13:11:04,P,2021-06-12 13:15:00
tdc74p2,HOURLY,A,0,2021-06-12 06:43:03,P,2021-06-12 06:45:00
tdc74p2,HOURLY,A,0,2021-06-12 03:27:03,P,2021-06-12 03:30:00
tdc74p2,HOURLY,A,25,2021-06-11 18:41:04,P,2021-06-11 18:45:00
tdc74p2,HOURLY,A,29,2021-06-11 15:42:04,P,2021-06-11 15:45:00
tdc74p2,HOURLY,A,12,2021-06-11 07:42:03,P,2021-06-11 07:45:00
tdc74p2,HOURLY,A,0,2021-06-11 01:28:04,P,2021-06-11 01:30:00
tdc74p2,HOURLY,A,15,2021-06-04 08:12:24,P,2021-06-04 08:15:00
tdc74p2,HOURLY,A,0,2021-06-04 02:58:26,P,2021-06-04 03:00:00
tdc74p2,HOURLY,A,0,2021-06-03 22:42:26,P,2021-06-03 22:45:00
tdc74p2,HOURLY,A,16,2021-06-17 21:43:06,P,2021-06-17 21:45:00
tdc74p2,HOURLY,A,27,2021-06-17 18:27:06,P,2021-06-17 18:30:00
tdc74p2,HOURLY,A,29,2021-06-17 14:57:05,P,2021-06-17 15:00:00
tdc74p2,HOURLY,A,29,2021-06-17 11:56:05,P,2021-06-17 12:00:00
tdc74p2,HOURLY,A,12,2021-06-17 08:57:04,P,2021-06-17 09:00:00
tdc74p2,HOURLY,A,0,2021-06-17 05:42:04,P,2021-06-17 05:45:00
tdc74p2,HOURLY,A,0,2021-06-17 02:41:04,P,2021-06-17 02:45:00
tdc74p2,HOURLY,A,0,2021-06-16 23:40:04,P,2021-06-16 23:45:00
tdc74p2,HOURLY,A,9,2021-06-16 20:42:04,P,2021-06-16 20:45:00
tdc74p2,HOURLY,A,29,2021-06-16 17:42:04,P,2021-06-16 17:45:00
tdc74p2,HOURLY,A,29,2021-06-16 14:42:04,P,2021-06-16 14:45:00
tdc74p2,HOURLY,A,29,2021-06-16 11:43:04,P,2021-06-16 11:45:00
tdc74p2,HOURLY,A,26,2021-06-16 08:43:04,P,2021-06-16 08:45:00
tdc74p2,HOURLY,A,0,2021-06-16 05:42:03,P,2021-06-16 05:45:00
tdc74p2,HOURLY,A,0,2021-06-16 01:57:03,P,2021-06-16 02:00:00
tdc74p2,HOURLY,A,11,2021-06-15 21:42:03,P,2021-06-15 21:45:00
tdc74p2,HOURLY,A,18,2021-06-15 20:26:03,P,2021-06-15 20:30:00
tdc74p2,HOURLY,A,29,2021-06-15 15:42:03,P,2021-06-15 15:45:00
tdc74p2,HOURLY,A,25,2021-06-15 10:42:03,P,2021-06-15 10:45:00
tdc74p2,HOURLY,A,0,2021-06-15 02:13:03,P,2021-06-15 02:15:00
tdc74p2,HOURLY,A,27,2021-06-14 22:41:03,P,2021-06-14 22:45:00
tdc74p2,HOURLY,A,19,2021-06-14 18:26:03,P,2021-06-14 18:30:00
tdc74p2,HOURLY,A,0,2021-06-13 06:11:03,P,2021-06-13 06:15:00
tdc74p2,HOURLY,A,18,2021-06-12 23:12:03,P,2021-06-12 23:15:00
tdc74p2,HOURLY,A,21,2021-06-12 14:42:04,P,2021-06-12 14:45:00
tdc74p2,HOURLY,A,0,2021-06-12 06:57:03,P,2021-06-12 07:00:00
tdc74p2,HOURLY,A,0,2021-06-12 03:43:03,P,2021-06-12 03:45:00
tdc74p2,HOURLY,A,23,2021-06-11 21:12:03,P,2021-06-11 21:15:00
tdc74p2,HOURLY,A,29,2021-06-11 17:12:03,P,2021-06-11 17:15:00
tdc74p2,HOURLY,A,29,2021-06-11 14:27:03,P,2021-06-11 14:30:00
tdc74p2,HOURLY,A,29,2021-06-11 11:57:03,P,2021-06-11 12:00:00
tdc74p2,HOURLY,A,0,2021-06-11 05:13:04,P,2021-06-11 05:15:00
tdc74p2,HOURLY,A,9,2021-06-10 22:26:03,P,2021-06-10 22:30:00
tdc74p2,HOURLY,A,29,2021-06-10 17:57:03,P,2021-06-10 18:00:00
tdc74p2,HOURLY,A,29,2021-06-10 14:13:03,P,2021-06-10 14:15:00
tdc74p2,HOURLY,A,29,2021-06-10 11:41:04,P,2021-06-10 11:45:00
tdc74p2,HOURLY,A,19,2021-06-10 08:43:03,P,2021-06-10 08:45:00
tdc74p2,HOURLY,A,0,2021-06-10 05:26:04,P,2021-06-10 05:30:00
tdc74p2,HOURLY,A,0,2021-06-10 02:27:04,P,2021-06-10 02:30:00
tdc74p2,HOURLY,A,0,2021-06-10 00:25:05,P,2021-06-10 00:30:00
tdc74p2,HOURLY,A,11,2021-06-09 21:28:03,P,2021-06-09 21:30:00
tdc74p2,HOURLY,A,23,2021-06-09 18:56:03,P,2021-06-09 19:00:00
tdc74p2,HOURLY,A,29,2021-06-09 14:26:04,P,2021-06-09 14:30:00
tdc74p2,HOURLY,A,29,2021-06-09 11:27:04,P,2021-06-09 11:30:00
tdc74p2,HOURLY,A,15,2021-06-09 08:12:03,P,2021-06-09 08:15:00
tdc74p2,HOURLY,A,0,2021-06-09 04:26:03,P,2021-06-09 04:30:00
tdc74p2,HOURLY,A,0,2021-06-09 01:42:03,P,2021-06-09 01:45:00
tdc74p2,HOURLY,A,0,2021-06-08 23:42:03,P,2021-06-08 23:45:00
tdc74p2,HOURLY,A,12,2021-06-08 21:41:03,P,2021-06-08 21:45:00
tdc74p2,HOURLY,A,19,2021-06-08 19:42:04,P,2021-06-08 19:45:00
tdc74p2,HOURLY,A,26,2021-06-08 17:57:03,P,2021-06-08 18:00:00
tdc74p2,HOURLY,A,29,2021-06-08 15:26:26,P,2021-06-08 15:30:00
tdc74p2,HOURLY,A,29,2021-06-08 11:57:25,P,2021-06-08 12:00:00
tdc74p2,HOURLY,A,22,2021-06-08 09:43:26,P,2021-06-08 09:45:00
tdc74p2,HOURLY,A,0,2021-06-08 04:12:25,P,2021-06-08 04:15:00
tdc74p2,HOURLY,A,0,2021-06-08 02:27:26,P,2021-06-08 02:30:00
tdc74p2,HOURLY,A,0,2021-06-08 00:56:26,P,2021-06-08 01:00:00
tdc74p2,HOURLY,A,26,2021-06-07 18:27:25,P,2021-06-07 18:30:00
tdc74p2,HOURLY,A,29,2021-06-07 13:41:25,P,2021-06-07 13:45:00
tdc74p2,HOURLY,A,24,2021-06-07 09:11:27,P,2021-06-07 09:15:00
tdc74p2,HOURLY,A,0,2021-06-07 04:41:24,P,2021-06-07 04:45:00
tdc74p2,HOURLY,A,0,2021-06-07 02:13:26,P,2021-06-07 02:15:00
tdc74p2,HOURLY,A,29,2021-06-06 20:28:26,P,2021-06-06 20:30:00
tdc74p2,HOURLY,A,16,2021-06-06 17:58:26,P,2021-06-06 18:00:00
tdc74p2,HOURLY,A,0,2021-06-06 15:25:26,P,2021-06-06 15:30:00
tdc74p2,HOURLY,A,6,2021-06-06 12:42:25,P,2021-06-06 12:45:00
tdc74p2,HOURLY,A,0,2021-06-06 10:42:26,P,2021-06-06 10:45:00
tdc74p2,HOURLY,A,13,2021-06-06 08:26:24,P,2021-06-06 08:30:00
tdc74p2,HOURLY,A,0,2021-06-06 05:13:24,P,2021-06-06 05:15:00
tdc74p2,HOURLY,A,7,2021-06-06 00:58:26,P,2021-06-06 01:00:00
tdc74p2,HOURLY,A,29,2021-06-05 22:27:25,P,2021-06-05 22:30:00
tdc74p2,HOURLY,A,29,2021-06-05 21:11:24,P,2021-06-05 21:15:00
tdc74p2,HOURLY,A,18,2021-06-05 18:57:25,P,2021-06-05 19:00:00
tdc74p2,HOURLY,A,0,2021-06-05 16:56:25,P,2021-06-05 17:00:00
tdc74p2,HOURLY,A,24,2021-06-05 14:41:25,P,2021-06-05 14:45:00
tdc74p2,HOURLY,A,0,2021-06-05 05:56:26,P,2021-06-05 06:00:00
tdc74p2,HOURLY,A,0,2021-06-05 04:26:26,P,2021-06-05 04:30:00
tdc74p2,HOURLY,A,0,2021-06-05 02:12:24,P,2021-06-05 02:15:00
tdc74p2,HOURLY,A,0,2021-06-04 23:56:26,P,2021-06-05 00:00:00
tdc74p2,HOURLY,A,26,2021-06-04 21:26:25,P,2021-06-04 21:30:00
tdc74p2,HOURLY,A,29,2021-06-04 17:13:25,P,2021-06-04 17:15:00
tdc74p2,HOURLY,A,29,2021-06-04 14:43:26,P,2021-06-04 14:45:00
tdc74p2,HOURLY,A,29,2021-06-04 11:58:25,P,2021-06-04 12:00:00
tdc74p2,HOURLY,A,24,2021-06-04 09:28:24,P,2021-06-04 09:30:00
tdc74p2,HOURLY,A,0,2021-06-04 03:26:24,P,2021-06-04 03:30:00
tdc74p2,HOURLY,A,14,2021-06-03 20:42:25,P,2021-06-03 20:45:00
tdc74p2,HOURLY,A,29,2021-06-15 12:58:03,P,2021-06-15 13:00:00
tdc74p2,HOURLY,A,0,2021-06-15 04:27:03,P,2021-06-15 04:30:00
tdc74p2,HOURLY,A,8,2021-06-14 17:26:03,P,2021-06-14 17:30:00
tdc74p2,HOURLY,A,22,2021-06-14 14:26:04,P,2021-06-14 14:30:00
tdc74p2,HOURLY,A,0,2021-06-14 11:27:04,P,2021-06-14 11:30:00
tdc74p2,HOURLY,A,8,2021-06-14 08:25:04,P,2021-06-14 08:30:00
tdc74p2,HOURLY,A,0,2021-06-14 05:43:04,P,2021-06-14 05:45:00
tdc74p2,HOURLY,A,0,2021-06-14 02:12:04,P,2021-06-14 02:15:00
tdc74p2,HOURLY,A,20,2021-06-13 23:11:04,P,2021-06-13 23:15:00
tdc74p2,HOURLY,A,29,2021-06-13 19:57:05,P,2021-06-13 20:00:00
tdc74p2,HOURLY,A,17,2021-06-13 17:12:05,P,2021-06-13 17:15:00
tdc74p2,HOURLY,A,25,2021-06-13 13:41:03,P,2021-06-13 13:45:00
tdc74p2,HOURLY,A,16,2021-06-13 11:11:03,P,2021-06-13 11:15:00
tdc74p2,HOURLY,A,19,2021-06-13 08:57:03,P,2021-06-13 09:00:00
tdc74p2,HOURLY,A,0,2021-06-13 03:42:03,P,2021-06-13 03:45:00
tdc74p2,HOURLY,A,29,2021-06-12 21:27:04,P,2021-06-12 21:30:00
tdc74p2,HOURLY,A,10,2021-06-12 15:11:04,P,2021-06-12 15:15:00
tdc74p2,HOURLY,A,16,2021-06-12 08:56:04,P,2021-06-12 09:00:00
tdc74p2,HOURLY,A,0,2021-06-12 02:12:03,P,2021-06-12 02:15:00
tdc74p2,HOURLY,A,19,2021-06-11 20:26:04,P,2021-06-11 20:30:00
tdc74p2,HOURLY,A,29,2021-06-11 16:56:03,P,2021-06-11 17:00:00
tdc74p2,HOURLY,A,29,2021-06-11 14:11:03,P,2021-06-11 14:15:00
tdc74p2,HOURLY,A,0,2021-06-11 02:27:04,P,2021-06-11 02:30:00
tdc74p2,HOURLY,A,28,2021-06-10 19:42:04,P,2021-06-10 19:45:00
tdc74p2,HOURLY,A,29,2021-06-10 15:27:06,P,2021-06-10 15:30:00
tdc74p2,HOURLY,A,29,2021-06-10 12:57:03,P,2021-06-10 13:00:00
tdc74p2,HOURLY,A,29,2021-06-10 10:28:04,P,2021-06-10 10:30:00
tdc74p2,HOURLY,A,6,2021-06-10 07:27:10,P,2021-06-10 07:30:00
tdc74p2,HOURLY,A,0,2021-06-10 04:27:04,P,2021-06-10 04:30:00
tdc74p2,HOURLY,A,0,2021-06-09 23:41:03,P,2021-06-09 23:45:00
tdc74p2,HOURLY,A,14,2021-06-09 20:57:03,P,2021-06-09 21:00:00
tdc74p2,HOURLY,A,29,2021-06-09 18:27:03,P,2021-06-09 18:30:00
tdc74p2,HOURLY,A,29,2021-06-09 14:57:03,P,2021-06-09 15:00:00
tdc74p2,HOURLY,A,29,2021-06-09 12:41:03,P,2021-06-09 12:45:00
tdc74p2,HOURLY,A,24,2021-06-09 10:12:03,P,2021-06-09 10:15:00
tdc74p2,HOURLY,A,15,2021-06-09 08:58:03,P,2021-06-09 09:00:00
tdc74p2,HOURLY,A,0,2021-06-09 07:13:03,P,2021-06-09 07:15:00
tdc74p2,HOURLY,A,0,2021-06-09 03:42:03,P,2021-06-09 03:45:00
tdc74p2,HOURLY,A,0,2021-06-09 01:12:04,P,2021-06-09 01:15:00
tdc74p2,HOURLY,A,0,2021-06-08 23:26:03,P,2021-06-08 23:30:00
tdc74p2,HOURLY,A,11,2021-06-08 21:12:03,P,2021-06-08 21:15:00
tdc74p2,HOURLY,A,19,2021-06-08 19:26:03,P,2021-06-08 19:30:00
tdc74p2,HOURLY,A,28,2021-06-08 17:26:03,P,2021-06-08 17:30:00
tdc74p2,HOURLY,A,29,2021-06-08 15:57:26,P,2021-06-08 16:00:00
tdc74p2,HOURLY,A,26,2021-06-08 10:26:27,P,2021-06-08 10:30:00
tdc74p2,HOURLY,A,23,2021-06-08 07:58:25,P,2021-06-08 08:00:00
tdc74p2,HOURLY,A,0,2021-06-08 06:42:26,P,2021-06-08 06:45:00
tdc74p2,HOURLY,A,0,2021-06-08 01:28:27,P,2021-06-08 01:30:00
tdc74p2,HOURLY,A,0,2021-06-07 23:41:25,P,2021-06-07 23:45:00
tdc74p2,HOURLY,A,15,2021-06-07 21:58:25,P,2021-06-07 22:00:00
tdc74p2,HOURLY,A,10,2021-06-07 20:42:25,P,2021-06-07 20:45:00
tdc74p2,HOURLY,A,29,2021-06-07 17:57:24,P,2021-06-07 18:00:00
tdc74p2,HOURLY,A,29,2021-06-07 11:56:26,P,2021-06-07 12:00:00
tdc74p2,HOURLY,A,29,2021-06-07 10:13:28,P,2021-06-07 10:15:00
tdc74p2,HOURLY,A,0,2021-06-07 05:26:25,P,2021-06-07 05:30:00
tdc74p2,HOURLY,A,0,2021-06-07 02:58:26,P,2021-06-07 03:00:00
tdc74p2,HOURLY,A,1,2021-06-07 00:43:25,P,2021-06-07 00:45:00
tdc74p2,HOURLY,A,26,2021-06-06 22:27:25,P,2021-06-06 22:30:00
tdc74p2,HOURLY,A,0,2021-06-06 17:11:25,P,2021-06-06 17:15:00
tdc74p2,HOURLY,A,3,2021-06-06 14:42:25,P,2021-06-06 14:45:00
tdc74p2,HOURLY,A,12,2021-06-06 12:26:25,P,2021-06-06 12:30:00
tdc74p2,HOURLY,A,0,2021-06-06 09:40:26,P,2021-06-06 09:45:00
tdc74p2,HOURLY,A,0,2021-06-06 06:27:26,P,2021-06-06 06:30:00
tdc74p2,HOURLY,A,0,2021-06-06 03:42:26,P,2021-06-06 03:45:00
tdc74p2,HOURLY,A,4,2021-06-06 01:12:25,P,2021-06-06 01:15:00
tdc74p2,HOURLY,A,25,2021-06-05 23:12:26,P,2021-06-05 23:15:00
tdc74p2,HOURLY,A,29,2021-06-05 21:27:25,P,2021-06-05 21:30:00
tdc74p2,HOURLY,A,4,2021-06-05 16:27:25,P,2021-06-05 16:30:00
tdc74p2,HOURLY,A,13,2021-06-05 14:58:24,P,2021-06-05 15:00:00
tdc74p2,HOURLY,A,10,2021-06-05 09:13:27,P,2021-06-05 09:15:00
tdc74p2,HOURLY,A,0,2021-06-05 04:42:25,P,2021-06-05 04:45:00
tdc74p2,HOURLY,A,0,2021-06-05 01:27:26,P,2021-06-05 01:30:00
tdc74p2,HOURLY,A,0,2021-06-04 23:27:25,P,2021-06-04 23:30:00
tdc74p2,HOURLY,A,21,2021-06-04 21:57:25,P,2021-06-04 22:00:00
tdc74p2,HOURLY,A,19,2021-06-04 18:58:25,P,2021-06-04 19:00:00
tdc74p2,HOURLY,A,29,2021-06-04 12:27:25,P,2021-06-04 12:30:00
tdc74p2,HOURLY,A,29,2021-06-04 10:28:25,P,2021-06-04 10:30:00
tdc74p2,HOURLY,A,0,2021-06-04 05:43:25,P,2021-06-04 05:45:00
tdc74p2,HOURLY,A,0,2021-06-04 01:27:25,P,2021-06-04 01:30:00
tdc74p2,HOURLY,A,26,2021-06-03 18:57:24,P,2021-06-03 19:00:00
tdc74p2,HOURLY,A,13,2021-06-17 21:12:06,P,2021-06-17 21:15:00
tdc74p2,HOURLY,A,24,2021-06-17 18:41:06,P,2021-06-17 18:45:00
tdc74p2,HOURLY,A,29,2021-06-17 15:42:06,P,2021-06-17 15:45:00
tdc74p2,HOURLY,A,29,2021-06-17 12:43:05,P,2021-06-17 12:45:00
tdc74p2,HOURLY,A,16,2021-06-17 09:57:04,P,2021-06-17 10:00:00
tdc74p2,HOURLY,A,0,2021-06-17 07:12:05,P,2021-06-17 07:15:00
tdc74p2,HOURLY,A,0,2021-06-17 04:12:04,P,2021-06-17 04:15:00
tdc74p2,HOURLY,A,0,2021-06-17 01:26:04,P,2021-06-17 01:30:00
tdc74p2,HOURLY,A,4,2021-06-16 22:41:04,P,2021-06-16 22:45:00
tdc74p2,HOURLY,A,22,2021-06-16 19:42:05,P,2021-06-16 19:45:00
tdc74p2,HOURLY,A,29,2021-06-16 16:12:04,P,2021-06-16 16:15:00
tdc74p2,HOURLY,A,29,2021-06-16 13:27:04,P,2021-06-16 13:30:00
tdc74p2,HOURLY,A,29,2021-06-16 10:57:04,P,2021-06-16 11:00:00
tdc74p2,HOURLY,A,23,2021-06-16 07:41:05,P,2021-06-16 07:45:00
tdc74p2,HOURLY,A,0,2021-06-16 04:57:03,P,2021-06-16 05:00:00
tdc74p2,HOURLY,A,0,2021-06-16 02:26:03,P,2021-06-16 02:30:00
tdc74p2,HOURLY,A,0,2021-06-15 23:11:03,P,2021-06-15 23:15:00
tdc74p2,HOURLY,A,29,2021-06-15 18:42:03,P,2021-06-15 18:45:00
tdc74p2,HOURLY,A,29,2021-06-15 14:57:03,P,2021-06-15 15:00:00
tdc74p2,HOURLY,A,28,2021-06-15 09:26:03,P,2021-06-15 09:30:00
tdc74p2,HOURLY,A,0,2021-06-15 01:28:03,P,2021-06-15 01:30:00
tdc74p2,HOURLY,A,10,2021-06-14 17:11:03,P,2021-06-14 17:15:00
tdc74p2,HOURLY,A,27,2021-06-14 13:43:05,P,2021-06-14 13:45:00
tdc74p2,HOURLY,A,0,2021-06-14 10:56:05,P,2021-06-14 11:00:00
tdc74p2,HOURLY,A,11,2021-06-14 07:42:04,P,2021-06-14 07:45:00
tdc74p2,HOURLY,A,0,2021-06-14 04:40:04,P,2021-06-14 04:45:00
tdc74p2,HOURLY,A,0,2021-06-14 01:42:04,P,2021-06-14 01:45:00
tdc74p2,HOURLY,A,25,2021-06-13 22:42:05,P,2021-06-13 22:45:00
tdc74p2,HOURLY,A,29,2021-06-13 19:42:04,P,2021-06-13 19:45:00
tdc74p2,HOURLY,A,20,2021-06-13 16:41:04,P,2021-06-13 16:45:00
tdc74p2,HOURLY,A,18,2021-06-13 14:43:03,P,2021-06-13 14:45:00
tdc74p2,HOURLY,A,18,2021-06-13 11:42:03,P,2021-06-13 11:45:00
tdc74p2,HOURLY,A,7,2021-06-13 06:56:03,P,2021-06-13 07:00:00
tdc74p2,HOURLY,A,29,2021-06-12 20:26:04,P,2021-06-12 20:30:00
tdc74p2,HOURLY,A,20,2021-06-12 14:28:03,P,2021-06-12 14:30:00
tdc74p2,HOURLY,A,16,2021-06-12 08:27:03,P,2021-06-12 08:30:00
tdc74p2,HOURLY,A,25,2021-06-11 22:27:03,P,2021-06-11 22:30:00
tdc74p2,HOURLY,A,21,2021-06-11 19:12:03,P,2021-06-11 19:15:00
tdc74p2,HOURLY,A,29,2021-06-11 11:41:03,P,2021-06-11 11:45:00
tdc74p2,HOURLY,A,0,2021-06-11 04:57:04,P,2021-06-11 05:00:00
tdc74p2,HOURLY,A,0,2021-06-10 23:28:04,P,2021-06-10 23:30:00
tdc74p2,HOURLY,A,29,2021-06-10 18:42:03,P,2021-06-10 18:45:00
tdc74p2,HOURLY,A,29,2021-06-10 15:12:03,P,2021-06-10 15:15:00
tdc74p2,HOURLY,A,29,2021-06-10 11:57:04,P,2021-06-10 12:00:00
tdc74p2,HOURLY,A,21,2021-06-10 09:26:06,P,2021-06-10 09:30:00
tdc74p2,HOURLY,A,0,2021-06-10 06:56:03,P,2021-06-10 07:00:00
tdc74p2,HOURLY,A,0,2021-06-10 00:56:05,P,2021-06-10 01:00:00
tdc74p2,HOURLY,A,7,2021-06-09 21:42:03,P,2021-06-09 21:45:00
tdc74p2,HOURLY,A,27,2021-06-09 17:58:03,P,2021-06-09 18:00:00
tdc74p2,HOURLY,A,29,2021-06-09 11:12:05,P,2021-06-09 11:15:00
tdc74p2,HOURLY,A,0,2021-06-09 06:42:03,P,2021-06-09 06:45:00
tdc74p2,HOURLY,A,0,2021-06-09 05:11:03,P,2021-06-09 05:15:00
tdc74p2,HOURLY,A,0,2021-06-09 02:57:04,P,2021-06-09 03:00:00
tdc74p2,HOURLY,A,0,2021-06-09 00:57:04,P,2021-06-09 01:00:00
tdc74p2,HOURLY,A,16,2021-06-08 22:12:04,P,2021-06-08 22:15:00
tdc74p2,HOURLY,A,29,2021-06-08 14:56:26,P,2021-06-08 15:00:00
tdc74p2,HOURLY,A,29,2021-06-08 13:25:25,P,2021-06-08 13:30:00
tdc74p2,HOURLY,A,29,2021-06-08 11:12:27,P,2021-06-08 11:15:00
tdc74p2,HOURLY,A,18,2021-06-08 08:27:25,P,2021-06-08 08:30:00
tdc74p2,HOURLY,A,0,2021-06-08 06:27:26,P,2021-06-08 06:30:00
tdc74p2,HOURLY,A,14,2021-06-07 22:27:26,P,2021-06-07 22:30:00
tdc74p2,HOURLY,A,8,2021-06-07 20:27:26,P,2021-06-07 20:30:00
tdc74p2,HOURLY,A,29,2021-06-07 17:42:27,P,2021-06-07 17:45:00
tdc74p2,HOURLY,A,29,2021-06-07 16:27:26,P,2021-06-07 16:30:00
tdc74p2,HOURLY,A,29,2021-06-07 15:13:25,P,2021-06-07 15:15:00
tdc74p2,HOURLY,A,29,2021-06-07 13:12:24,P,2021-06-07 13:15:00
tdc74p2,HOURLY,A,29,2021-06-07 11:27:25,P,2021-06-07 11:30:00
tdc74p2,HOURLY,A,21,2021-06-07 08:57:27,P,2021-06-07 09:00:00
tdc74p2,HOURLY,A,11,2021-06-07 07:12:26,P,2021-06-07 07:15:00
tdc74p2,HOURLY,A,0,2021-06-07 04:12:25,P,2021-06-07 04:15:00
tdc74p2,HOURLY,A,0,2021-06-07 01:28:26,P,2021-06-07 01:30:00
tdc74p2,HOURLY,A,13,2021-06-06 23:26:26,P,2021-06-06 23:30:00
tdc74p2,HOURLY,A,29,2021-06-06 19:27:24,P,2021-06-06 19:30:00
tdc74p2,HOURLY,A,0,2021-06-06 16:42:25,P,2021-06-06 16:45:00
tdc74p2,HOURLY,A,23,2021-06-06 13:42:26,P,2021-06-06 13:45:00
tdc74p2,HOURLY,A,0,2021-06-06 10:11:25,P,2021-06-06 10:15:00
tdc74p2,HOURLY,A,11,2021-06-06 08:12:27,P,2021-06-06 08:15:00
tdc74p2,HOURLY,A,0,2021-06-06 03:56:25,P,2021-06-06 04:00:00
tdc74p2,HOURLY,A,3,2021-06-06 01:26:25,P,2021-06-06 01:30:00
tdc74p2,HOURLY,A,28,2021-06-05 22:57:26,P,2021-06-05 23:00:00
tdc74p2,HOURLY,A,11,2021-06-05 16:12:27,P,2021-06-05 16:15:00
tdc74p2,HOURLY,A,17,2021-06-05 12:42:26,P,2021-06-05 12:45:00
tdc74p2,HOURLY,A,5,2021-06-05 09:28:26,P,2021-06-05 09:30:00
tdc74p2,HOURLY,A,8,2021-06-05 07:41:26,P,2021-06-05 07:45:00
tdc74p2,HOURLY,A,0,2021-06-05 05:11:24,P,2021-06-05 05:15:00
tdc74p2,HOURLY,A,13,2021-06-04 22:42:26,P,2021-06-04 22:45:00
tdc74p2,HOURLY,A,29,2021-06-04 19:56:27,P,2021-06-04 20:00:00
tdc74p2,HOURLY,A,29,2021-06-04 16:56:25,P,2021-06-04 17:00:00
tdc74p2,HOURLY,A,29,2021-06-04 13:12:27,P,2021-06-04 13:15:00
tdc74p2,HOURLY,A,0,2021-06-04 04:41:24,P,2021-06-04 04:45:00
tdc74p2,HOURLY,A,0,2021-06-04 00:12:23,P,2021-06-04 00:15:00
tdc74p2,HOURLY,A,28,2021-06-03 19:12:24,P,2021-06-03 19:15:00
tdc74p2,HOURLY,A,29,2021-06-15 12:43:03,P,2021-06-15 12:45:00
tdc74p2,HOURLY,A,0,2021-06-15 05:13:02,P,2021-06-15 05:15:00
tdc74p2,HOURLY,A,16,2021-06-14 18:11:03,P,2021-06-14 18:15:00
tdc74p2,HOURLY,A,15,2021-06-14 14:43:03,P,2021-06-14 14:45:00
tdc74p2,HOURLY,A,0,2021-06-14 11:43:05,P,2021-06-14 11:45:00
tdc74p2,HOURLY,A,4,2021-06-14 08:42:04,P,2021-06-14 08:45:00
tdc74p2,HOURLY,A,0,2021-06-14 05:27:05,P,2021-06-14 05:30:00
tdc74p2,HOURLY,A,0,2021-06-14 02:57:05,P,2021-06-14 03:00:00
tdc74p2,HOURLY,A,17,2021-06-13 23:27:04,P,2021-06-13 23:30:00
tdc74p2,HOURLY,A,29,2021-06-13 20:27:05,P,2021-06-13 20:30:00
tdc74p2,HOURLY,A,18,2021-06-13 17:41:05,P,2021-06-13 17:45:00
tdc74p2,HOURLY,A,15,2021-06-13 15:12:03,P,2021-06-13 15:15:00
tdc74p2,HOURLY,A,23,2021-06-13 12:13:03,P,2021-06-13 12:15:00
tdc74p2,HOURLY,A,13,2021-06-13 07:13:03,P,2021-06-13 07:15:00
tdc74p2,HOURLY,A,5,2021-06-13 00:41:03,P,2021-06-13 00:45:00
tdc74p2,HOURLY,A,25,2021-06-12 16:42:03,P,2021-06-12 16:45:00
tdc74p2,HOURLY,A,28,2021-06-12 10:41:03,P,2021-06-12 10:45:00
tdc74p2,HOURLY,A,0,2021-06-12 06:26:03,P,2021-06-12 06:30:00
tdc74p2,HOURLY,A,0,2021-06-12 00:42:04,P,2021-06-12 00:45:00
tdc74p2,HOURLY,A,29,2021-06-11 16:12:04,P,2021-06-11 16:15:00
tdc74p2,HOURLY,A,19,2021-06-11 09:27:07,P,2021-06-11 09:30:00
tdc74p2,HOURLY,A,0,2021-06-11 00:41:03,P,2021-06-11 00:45:00
tdc74p2,HOURLY,A,0,2021-06-04 06:57:24,P,2021-06-04 07:00:00
tdc74p2,HOURLY,A,0,2021-06-04 02:42:25,P,2021-06-04 02:45:00
tdc74p2,HOURLY,A,0,2021-06-03 22:27:25,P,2021-06-03 22:30:00
tdc74p2,HOURLY,A,29,2021-06-03 16:43:26,P,2021-06-03 16:45:00
tdc74p2,HOURLY,A,0,2021-06-04 02:28:24,P,2021-06-04 02:30:00
tdc74p2,HOURLY,A,9,2021-06-03 21:11:25,P,2021-06-03 21:15:00
tdc74p2,HOURLY,A,25,2021-06-15 10:26:03,P,2021-06-15 10:30:00
tdc74p2,HOURLY,A,0,2021-06-15 05:56:03,P,2021-06-15 06:00:00
tdc74p2,HOURLY,A,0,2021-06-15 02:27:03,P,2021-06-15 02:30:00
tdc74p2,HOURLY,A,10,2021-06-14 17:57:02,P,2021-06-14 18:00:00
tdc74p2,HOURLY,A,21,2021-06-13 07:56:04,P,2021-06-13 08:00:00
tdc74p2,HOURLY,A,29,2021-06-12 20:42:03,P,2021-06-12 20:45:00
tdc74p2,HOURLY,A,13,2021-06-12 14:57:03,P,2021-06-12 15:00:00
tdc74p2,HOURLY,A,0,2021-06-12 05:43:03,P,2021-06-12 05:45:00
tdc74p2,HOURLY,A,24,2021-06-11 21:57:03,P,2021-06-11 22:00:00
tdc74p2,HOURLY,A,29,2021-06-11 17:27:03,P,2021-06-11 17:30:00
tdc74p2,HOURLY,A,20,2021-06-11 09:11:05,P,2021-06-11 09:15:00
tdc74p2,HOURLY,A,0,2021-06-11 03:42:03,P,2021-06-11 03:45:00
tdc74p2,HOURLY,A,2,2021-06-04 07:28:24,P,2021-06-04 07:30:00
tdc74p2,HOURLY,A,0,2021-06-03 22:13:25,P,2021-06-03 22:15:00
tdc74p2,HOURLY,A,13,2021-06-17 21:57:06,P,2021-06-17 22:00:00
tdc74p2,HOURLY,A,25,2021-06-17 18:55:06,P,2021-06-17 19:00:00
tdc74p2,HOURLY,A,29,2021-06-17 15:58:07,P,2021-06-17 16:00:00
tdc74p2,HOURLY,A,29,2021-06-17 13:12:06,P,2021-06-17 13:15:00
tdc74p2,HOURLY,A,29,2021-06-17 10:28:04,P,2021-06-17 10:30:00
tdc74p2,HOURLY,A,3,2021-06-17 07:27:05,P,2021-06-17 07:30:00
tdc74p2,HOURLY,A,0,2021-06-17 04:43:04,P,2021-06-17 04:45:00
tdc74p2,HOURLY,A,0,2021-06-17 01:57:09,P,2021-06-17 02:00:00
tdc74p2,HOURLY,A,0,2021-06-16 23:12:04,P,2021-06-16 23:15:00
tdc74p2,HOURLY,A,19,2021-06-16 20:11:04,P,2021-06-16 20:15:00
tdc74p2,HOURLY,A,29,2021-06-16 17:26:04,P,2021-06-16 17:30:00
tdc74p2,HOURLY,A,29,2021-06-16 14:27:04,P,2021-06-16 14:30:00
tdc74p2,HOURLY,A,29,2021-06-16 11:28:04,P,2021-06-16 11:30:00
tdc74p2,HOURLY,A,26,2021-06-16 08:12:04,P,2021-06-16 08:15:00
tdc74p2,HOURLY,A,0,2021-06-16 04:42:03,P,2021-06-16 04:45:00
tdc74p2,HOURLY,A,0,2021-06-16 00:26:03,P,2021-06-16 00:30:00
tdc74p2,HOURLY,A,13,2021-06-15 21:26:03,P,2021-06-15 21:30:00
tdc74p2,HOURLY,A,24,2021-06-15 19:27:06,P,2021-06-15 19:30:00
tdc74p2,HOURLY,A,25,2021-06-15 17:13:03,P,2021-06-15 17:15:00
tdc74p2,HOURLY,A,28,2021-06-15 09:42:03,P,2021-06-15 09:45:00
tdc74p2,HOURLY,A,0,2021-06-15 03:56:03,P,2021-06-15 04:00:00
tdc74p2,HOURLY,A,3,2021-06-14 23:57:02,P,2021-06-15 00:00:00
tdc74p2,HOURLY,A,21,2021-06-14 19:27:03,P,2021-06-14 19:30:00
tdc74p2,HOURLY,A,0,2021-06-13 05:42:03,P,2021-06-13 05:45:00
tdc74p2,HOURLY,A,29,2021-06-12 17:42:03,P,2021-06-12 17:45:00
tdc74p2,HOURLY,A,28,2021-06-12 11:12:04,P,2021-06-12 11:15:00
tdc74p2,HOURLY,A,0,2021-06-12 04:56:03,P,2021-06-12 05:00:00
tdc74p2,HOURLY,A,29,2021-06-11 13:11:03,P,2021-06-11 13:15:00
tdc74p2,HOURLY,A,0,2021-06-11 06:42:04,P,2021-06-11 06:45:00
tdc74p2,HOURLY,A,0,2021-06-11 02:13:03,P,2021-06-11 02:15:00
tdc74p2,HOURLY,A,0,2021-06-04 05:57:26,P,2021-06-04 06:00:00
tdc74p2,HOURLY,A,0,2021-06-04 00:57:26,P,2021-06-04 01:00:00
tdc74p2,HOURLY,A,29,2021-06-15 08:43:03,P,2021-06-15 08:45:00
tdc74p2,HOURLY,A,2,2021-06-15 00:11:03,P,2021-06-15 00:15:00
tdc74p2,HOURLY,A,22,2021-06-13 09:12:03,P,2021-06-13 09:15:00
tdc74p2,HOURLY,A,0,2021-06-13 02:41:03,P,2021-06-13 02:45:00
tdc74p2,HOURLY,A,29,2021-06-12 18:42:04,P,2021-06-12 18:45:00
tdc74p2,HOURLY,A,22,2021-06-12 09:56:03,P,2021-06-12 10:00:00
tdc74p2,HOURLY,A,0,2021-06-12 00:26:03,P,2021-06-12 00:30:00
tdc74p2,HOURLY,A,18,2021-06-11 18:58:03,P,2021-06-11 19:00:00
tdc74p2,HOURLY,A,25,2021-06-11 16:27:03,P,2021-06-11 16:30:00
tdc74p2,HOURLY,A,29,2021-06-11 12:57:03,P,2021-06-11 13:00:00
tdc74p2,HOURLY,A,0,2021-06-11 06:27:04,P,2021-06-11 06:30:00
tdc74p2,HOURLY,A,0,2021-06-10 23:42:03,P,2021-06-10 23:45:00
tdc74p2,HOURLY,A,0,2021-06-04 07:12:25,P,2021-06-04 07:15:00
tdc74p2,HOURLY,A,0,2021-06-04 01:11:26,P,2021-06-04 01:15:00
tdc74p2,HOURLY,A,29,2021-06-03 18:41:24,P,2021-06-03 18:45:00
tdc74p2,HOURLY,A,10,2021-06-17 22:11:06,P,2021-06-17 22:15:00
tdc74p2,HOURLY,A,29,2021-06-17 19:26:06,P,2021-06-17 19:30:00
tdc74p2,HOURLY,A,29,2021-06-17 16:27:06,P,2021-06-17 16:30:00
tdc74p2,HOURLY,A,29,2021-06-17 12:58:05,P,2021-06-17 13:00:00
tdc74p2,HOURLY,A,26,2021-06-17 10:11:04,P,2021-06-17 10:15:00
tdc74p2,HOURLY,A,11,2021-06-17 07:41:04,P,2021-06-17 07:45:00
tdc74p2,HOURLY,A,0,2021-06-17 04:27:04,P,2021-06-17 04:30:00
tdc74p2,HOURLY,A,0,2021-06-17 00:28:05,P,2021-06-17 00:30:00
tdc74p2,HOURLY,A,9,2021-06-16 21:27:04,P,2021-06-16 21:30:00
tdc74p2,HOURLY,A,27,2021-06-16 18:26:04,P,2021-06-16 18:30:00
tdc74p2,HOURLY,A,29,2021-06-16 15:27:04,P,2021-06-16 15:30:00
tdc74p2,HOURLY,A,29,2021-06-16 12:13:04,P,2021-06-16 12:15:00
tdc74p2,HOURLY,A,26,2021-06-16 09:12:04,P,2021-06-16 09:15:00
tdc74p2,HOURLY,A,0,2021-06-16 06:13:03,P,2021-06-16 06:15:00
tdc74p2,HOURLY,A,0,2021-06-16 03:12:03,P,2021-06-16 03:15:00
tdc74p2,HOURLY,A,0,2021-06-16 00:12:03,P,2021-06-16 00:15:00
tdc74p2,HOURLY,A,13,2021-06-15 21:12:03,P,2021-06-15 21:15:00
tdc74p2,HOURLY,A,29,2021-06-15 18:27:03,P,2021-06-15 18:30:00
tdc74p2,HOURLY,A,29,2021-06-15 14:43:03,P,2021-06-15 14:45:00
tdc74p2,HOURLY,A,0,2021-06-15 03:42:02,P,2021-06-15 03:45:00
tdc74p2,HOURLY,A,29,2021-06-14 20:57:02,P,2021-06-14 21:00:00
tdc74p2,HOURLY,A,0,2021-06-13 04:27:03,P,2021-06-13 04:30:00
tdc74p2,HOURLY,A,0,2021-06-13 01:26:04,P,2021-06-13 01:30:00
tdc74p2,HOURLY,A,18,2021-06-12 16:58:04,P,2021-06-12 17:00:00
tdc74p2,HOURLY,A,15,2021-06-12 08:42:04,P,2021-06-12 08:45:00
tdc74p2,HOURLY,A,0,2021-06-12 04:42:03,P,2021-06-12 04:45:00
tdc74p2,HOURLY,A,0,2021-06-12 01:11:03,P,2021-06-12 01:15:00
tdc74p2,HOURLY,A,29,2021-06-11 21:26:03,P,2021-06-11 21:30:00
tdc74p2,HOURLY,A,29,2021-06-11 10:56:03,P,2021-06-11 11:00:00
tdc74p2,HOURLY,A,0,2021-06-11 00:27:03,P,2021-06-11 00:30:00
tdc74p2,HOURLY,A,10,2021-06-10 21:12:03,P,2021-06-10 21:15:00
tdc74p2,HOURLY,A,0,2021-06-04 05:26:25,P,2021-06-04 05:30:00
tdc74p2,HOURLY,A,29,2021-06-03 18:26:25,P,2021-06-03 18:30:00
tdc74p2,HOURLY,A,29,2021-06-15 07:43:02,P,2021-06-15 07:45:00
tdc74p2,HOURLY,A,0,2021-06-15 03:28:02,P,2021-06-15 03:30:00
tdc74p2,HOURLY,A,29,2021-06-14 20:41:03,P,2021-06-14 20:45:00
tdc74p2,HOURLY,A,0,2021-06-13 04:43:03,P,2021-06-13 04:45:00
tdc74p2,HOURLY,A,0,2021-06-13 01:42:04,P,2021-06-13 01:45:00
tdc74p2,HOURLY,A,26,2021-06-12 17:56:04,P,2021-06-12 18:00:00
tdc74p2,HOURLY,A,26,2021-06-12 11:27:03,P,2021-06-12 11:30:00
tdc74p2,HOURLY,A,0,2021-06-12 05:27:03,P,2021-06-12 05:30:00
tdc74p2,HOURLY,A,10,2021-06-11 23:12:03,P,2021-06-11 23:15:00
tdc74p2,HOURLY,A,29,2021-06-11 15:13:03,P,2021-06-11 15:15:00
tdc74p2,HOURLY,A,28,2021-06-11 10:43:03,P,2021-06-11 10:45:00
tdc74p2,HOURLY,A,0,2021-06-11 05:26:03,P,2021-06-11 05:30:00
tdc74p2,HOURLY,A,12,2021-06-10 21:43:03,P,2021-06-10 21:45:00
tdc74p2,HOURLY,A,28,2021-06-10 18:27:03,P,2021-06-10 18:30:00
tdc74p2,HOURLY,A,29,2021-06-10 14:27:04,P,2021-06-10 14:30:00
tdc74p2,HOURLY,A,29,2021-06-10 11:12:04,P,2021-06-10 11:15:00
tdc74p2,HOURLY,A,19,2021-06-10 07:58:03,P,2021-06-10 08:00:00
tdc74p2,HOURLY,A,0,2021-06-10 04:57:04,P,2021-06-10 05:00:00
tdc74p2,HOURLY,A,0,2021-06-10 01:57:03,P,2021-06-10 02:00:00
tdc74p2,HOURLY,A,0,2021-06-09 23:12:03,P,2021-06-09 23:15:00
tdc74p2,HOURLY,A,8,2021-06-09 20:42:03,P,2021-06-09 20:45:00
tdc74p2,HOURLY,A,29,2021-06-09 17:12:04,P,2021-06-09 17:15:00
tdc74p2,HOURLY,A,29,2021-06-09 14:42:03,P,2021-06-09 14:45:00
tdc74p2,HOURLY,A,29,2021-06-09 12:12:03,P,2021-06-09 12:15:00
tdc74p2,HOURLY,A,0,2021-06-09 04:41:04,P,2021-06-09 04:45:00
tdc74p2,HOURLY,A,0,2021-06-09 02:27:04,P,2021-06-09 02:30:00
tdc74p2,HOURLY,A,0,2021-06-09 00:27:04,P,2021-06-09 00:30:00
tdc74p2,HOURLY,A,2,2021-06-08 23:11:03,P,2021-06-08 23:15:00
tdc74p2,HOURLY,A,15,2021-06-08 20:13:03,P,2021-06-08 20:15:00
tdc74p2,HOURLY,A,29,2021-06-08 14:27:27,P,2021-06-08 14:30:00
tdc74p2,HOURLY,A,29,2021-06-08 12:42:25,P,2021-06-08 12:45:00
tdc74p2,HOURLY,A,29,2021-06-08 10:57:28,P,2021-06-08 11:00:00
tdc74p2,HOURLY,A,21,2021-06-08 08:56:26,P,2021-06-08 09:00:00
tdc74p2,HOURLY,A,0,2021-06-08 06:11:25,P,2021-06-08 06:15:00
tdc74p2,HOURLY,A,0,2021-06-08 02:11:25,P,2021-06-08 02:15:00
tdc74p2,HOURLY,A,0,2021-06-07 23:57:25,P,2021-06-08 00:00:00
tdc74p2,HOURLY,A,10,2021-06-07 19:56:25,P,2021-06-07 20:00:00
tdc74p2,HOURLY,A,29,2021-06-07 17:28:26,P,2021-06-07 17:30:00
tdc74p2,HOURLY,A,29,2021-06-07 15:57:25,P,2021-06-07 16:00:00
tdc74p2,HOURLY,A,29,2021-06-07 14:57:26,P,2021-06-07 15:00:00
tdc74p2,HOURLY,A,29,2021-06-07 12:58:25,P,2021-06-07 13:00:00
tdc74p2,HOURLY,A,29,2021-06-07 10:27:27,P,2021-06-07 10:30:00
tdc74p2,HOURLY,A,0,2021-06-07 04:57:25,P,2021-06-07 05:00:00
tdc74p2,HOURLY,A,0,2021-06-07 02:27:24,P,2021-06-07 02:30:00
tdc74p2,HOURLY,A,24,2021-06-06 22:43:25,P,2021-06-06 22:45:00
tdc74p2,HOURLY,A,29,2021-06-06 20:41:24,P,2021-06-06 20:45:00
tdc74p2,HOURLY,A,29,2021-06-06 19:13:25,P,2021-06-06 19:15:00
tdc74p2,HOURLY,A,2,2021-06-06 16:27:26,P,2021-06-06 16:30:00
tdc74p2,HOURLY,A,18,2021-06-06 13:57:25,P,2021-06-06 14:00:00
tdc74p2,HOURLY,A,0,2021-06-06 09:28:27,P,2021-06-06 09:30:00
tdc74p2,HOURLY,A,4,2021-06-06 07:12:24,P,2021-06-06 07:15:00
tdc74p2,HOURLY,A,0,2021-06-06 04:57:27,P,2021-06-06 05:00:00
tdc74p2,HOURLY,A,2,2021-06-06 02:12:26,P,2021-06-06 02:15:00
tdc74p2,HOURLY,A,8,2021-06-06 00:41:25,P,2021-06-06 00:45:00
tdc74p2,HOURLY,A,29,2021-06-05 21:56:24,P,2021-06-05 22:00:00
tdc74p2,HOURLY,A,29,2021-06-05 19:41:26,P,2021-06-05 19:45:00
tdc74p2,HOURLY,A,16,2021-06-05 18:27:25,P,2021-06-05 18:30:00
tdc74p2,HOURLY,A,27,2021-06-05 15:27:26,P,2021-06-05 15:30:00
tdc74p2,HOURLY,A,19,2021-06-05 13:56:26,P,2021-06-05 14:00:00
tdc74p2,HOURLY,A,4,2021-06-05 11:42:26,P,2021-06-05 11:45:00
tdc74p2,HOURLY,A,3,2021-06-05 09:42:25,P,2021-06-05 09:45:00
tdc74p2,HOURLY,A,7,2021-06-05 07:57:25,P,2021-06-05 08:00:00
tdc74p2,HOURLY,A,0,2021-06-05 02:42:24,P,2021-06-05 02:45:00
tdc74p2,HOURLY,A,26,2021-06-04 20:56:25,P,2021-06-04 21:00:00
tdc74p2,HOURLY,A,29,2021-06-04 18:13:26,P,2021-06-04 18:15:00
tdc74p2,HOURLY,A,29,2021-06-04 15:57:26,P,2021-06-04 16:00:00
tdc74p2,HOURLY,A,29,2021-06-04 13:57:27,P,2021-06-04 14:00:00
tdc74p2,HOURLY,A,29,2021-06-04 11:13:25,P,2021-06-04 11:15:00
tdc74p2,HOURLY,A,0,2021-06-04 04:13:25,P,2021-06-04 04:15:00
tdc74p2,HOURLY,A,18,2021-06-03 20:28:25,P,2021-06-03 20:30:00
tdc74p2,HOURLY,A,29,2021-06-15 14:12:04,P,2021-06-15 14:15:00
tdc74p2,HOURLY,A,26,2021-06-15 07:27:03,P,2021-06-15 07:30:00
tdc74p2,HOURLY,A,0,2021-06-15 00:56:03,P,2021-06-15 01:00:00
tdc74p2,HOURLY,A,4,2021-06-14 16:12:03,P,2021-06-14 16:15:00
tdc74p2,HOURLY,A,26,2021-06-14 13:12:05,P,2021-06-14 13:15:00
tdc74p2,HOURLY,A,0,2021-06-14 10:27:05,P,2021-06-14 10:30:00
tdc74p2,HOURLY,A,12,2021-06-14 07:28:04,P,2021-06-14 07:30:00
tdc74p2,HOURLY,A,0,2021-06-14 04:26:05,P,2021-06-14 04:30:00
tdc74p2,HOURLY,A,0,2021-06-14 01:13:05,P,2021-06-14 01:15:00
tdc74p2,HOURLY,A,28,2021-06-13 22:12:05,P,2021-06-13 22:15:00
tdc74p2,HOURLY,A,26,2021-06-13 19:12:04,P,2021-06-13 19:15:00
tdc74p2,HOURLY,A,12,2021-06-13 16:12:04,P,2021-06-13 16:15:00
tdc74p2,HOURLY,A,28,2021-06-13 13:13:04,P,2021-06-13 13:15:00
tdc74p2,HOURLY,A,8,2021-06-13 10:11:03,P,2021-06-13 10:15:00
tdc74p2,HOURLY,A,0,2021-06-13 02:57:03,P,2021-06-13 03:00:00
tdc74p2,HOURLY,A,29,2021-06-12 19:26:04,P,2021-06-12 19:30:00
tdc74p2,HOURLY,A,15,2021-06-12 15:28:05,P,2021-06-12 15:30:00
tdc74p2,HOURLY,A,0,2021-06-12 02:28:03,P,2021-06-12 02:30:00
tdc74p2,HOURLY,A,29,2021-06-11 17:43:03,P,2021-06-11 17:45:00
tdc74p2,HOURLY,A,22,2021-06-11 09:56:03,P,2021-06-11 10:00:00
tdc74p2,HOURLY,A,0,2021-06-11 04:27:04,P,2021-06-11 04:30:00
tdc74p2,HOURLY,A,6,2021-06-10 22:12:03,P,2021-06-10 22:15:00
tdc74p2,HOURLY,A,28,2021-06-10 19:27:04,P,2021-06-10 19:30:00
tdc74p2,HOURLY,A,29,2021-06-10 15:57:03,P,2021-06-10 16:00:00
tdc74p2,HOURLY,A,29,2021-06-10 13:13:03,P,2021-06-10 13:15:00
tdc74p2,HOURLY,A,18,2021-06-10 09:41:05,P,2021-06-10 09:45:00
tdc74p2,HOURLY,A,0,2021-06-10 06:42:04,P,2021-06-10 06:45:00
tdc74p2,HOURLY,A,0,2021-06-10 04:13:04,P,2021-06-10 04:15:00
tdc74p2,HOURLY,A,0,2021-06-10 01:26:03,P,2021-06-10 01:30:00
tdc74p2,HOURLY,A,8,2021-06-09 22:27:05,P,2021-06-09 22:30:00
tdc74p2,HOURLY,A,22,2021-06-09 19:26:03,P,2021-06-09 19:30:00
tdc74p2,HOURLY,A,29,2021-06-09 16:41:03,P,2021-06-09 16:45:00
tdc74p2,HOURLY,A,24,2021-06-09 10:27:05,P,2021-06-09 10:30:00
tdc74p2,HOURLY,A,12,2021-06-09 09:27:03,P,2021-06-09 09:30:00
tdc74p2,HOURLY,A,18,2021-06-09 08:27:03,P,2021-06-09 08:30:00
tdc74p2,HOURLY,A,0,2021-06-09 06:09:04,P,2021-06-09 06:15:00
tdc74p2,HOURLY,A,0,2021-06-09 03:56:03,P,2021-06-09 04:00:00
tdc74p2,HOURLY,A,0,2021-06-09 01:26:03,P,2021-06-09 01:30:00
tdc74p2,HOURLY,A,10,2021-06-08 22:57:03,P,2021-06-08 23:00:00
tdc74p2,HOURLY,A,14,2021-06-08 20:42:04,P,2021-06-08 20:45:00
tdc74p2,HOURLY,A,25,2021-06-08 17:41:03,P,2021-06-08 17:45:00
tdc74p2,HOURLY,A,29,2021-06-08 15:12:25,P,2021-06-08 15:15:00
tdc74p2,HOURLY,A,0,2021-06-08 05:13:25,P,2021-06-08 05:15:00
tdc74p2,HOURLY,A,0,2021-06-08 03:42:25,P,2021-06-08 03:45:00
tdc74p2,HOURLY,A,0,2021-06-08 02:56:26,P,2021-06-08 03:00:00
tdc74p2,HOURLY,A,0,2021-06-08 00:42:25,P,2021-06-08 00:45:00
tdc74p2,HOURLY,A,8,2021-06-07 22:41:26,P,2021-06-07 22:45:00
tdc74p2,HOURLY,A,14,2021-06-07 20:56:25,P,2021-06-07 21:00:00
tdc74p2,HOURLY,A,17,2021-06-07 19:13:25,P,2021-06-07 19:15:00
tdc74p2,HOURLY,A,29,2021-06-07 16:57:25,P,2021-06-07 17:00:00
tdc74p2,HOURLY,A,29,2021-06-07 14:42:26,P,2021-06-07 14:45:00
tdc74p2,HOURLY,A,29,2021-06-07 12:27:27,P,2021-06-07 12:30:00
tdc74p2,HOURLY,A,29,2021-06-07 11:13:26,P,2021-06-07 11:15:00
tdc74p2,HOURLY,A,29,2021-06-07 09:57:26,P,2021-06-07 10:00:00
tdc74p2,HOURLY,A,0,2021-06-07 03:28:26,P,2021-06-07 03:30:00
tdc74p2,HOURLY,A,0,2021-06-07 01:12:27,P,2021-06-07 01:15:00
tdc74p2,HOURLY,A,23,2021-06-06 22:57:25,P,2021-06-06 23:00:00
tdc74p2,HOURLY,A,29,2021-06-06 20:57:27,P,2021-06-06 21:00:00
tdc74p2,HOURLY,A,20,2021-06-06 18:27:25,P,2021-06-06 18:30:00
tdc74p2,HOURLY,A,13,2021-06-06 12:57:26,P,2021-06-06 13:00:00
tdc74p2,HOURLY,A,0,2021-06-06 10:28:26,P,2021-06-06 10:30:00
tdc74p2,HOURLY,A,3,2021-06-06 01:42:25,P,2021-06-06 01:45:00
tdc74p2,HOURLY,A,29,2021-06-05 22:41:26,P,2021-06-05 22:45:00
tdc74p2,HOURLY,A,29,2021-06-05 20:57:26,P,2021-06-05 21:00:00
tdc74p2,HOURLY,A,10,2021-06-05 18:12:25,P,2021-06-05 18:15:00
tdc74p2,HOURLY,A,11,2021-06-05 12:11:25,P,2021-06-05 12:15:00
tdc74p2,HOURLY,A,0,2021-06-05 10:26:24,P,2021-06-05 10:30:00
tdc74p2,HOURLY,A,12,2021-06-05 08:26:24,P,2021-06-05 08:30:00
tdc74p2,HOURLY,A,0,2021-06-05 05:27:24,P,2021-06-05 05:30:00
tdc74p2,HOURLY,A,0,2021-06-05 03:27:25,P,2021-06-05 03:30:00
tdc74p2,HOURLY,A,0,2021-06-05 00:42:25,P,2021-06-05 00:45:00
tdc74p2,HOURLY,A,11,2021-06-04 22:58:26,P,2021-06-04 23:00:00
tdc74p2,HOURLY,A,29,2021-06-04 20:27:25,P,2021-06-04 20:30:00
tdc74p2,HOURLY,A,24,2021-06-04 18:42:26,P,2021-06-04 18:45:00
tdc74p2,HOURLY,A,29,2021-06-04 15:28:26,P,2021-06-04 15:30:00
tdc74p2,HOURLY,A,29,2021-06-04 12:43:25,P,2021-06-04 12:45:00
tdc74p2,HOURLY,A,29,2021-06-04 10:42:26,P,2021-06-04 10:45:00
tdc74p2,HOURLY,A,0,2021-06-04 01:43:24,P,2021-06-04 01:45:00
tdc74p2,HOURLY,A,29,2021-06-03 17:12:24,P,2021-06-03 17:15:00
tdc74p2,HOURLY,A,29,2021-06-15 12:27:03,P,2021-06-15 12:30:00
tdc74p2,HOURLY,A,29,2021-06-15 11:11:02,P,2021-06-15 11:15:00
tdc74p2,HOURLY,A,0,2021-06-15 05:42:03,P,2021-06-15 05:45:00
tdc74p2,HOURLY,A,25,2021-06-14 22:56:03,P,2021-06-14 23:00:00
tdc74p2,HOURLY,A,7,2021-06-14 16:57:03,P,2021-06-14 17:00:00
tdc74p2,HOURLY,A,29,2021-06-14 13:57:05,P,2021-06-14 14:00:00
tdc74p2,HOURLY,A,0,2021-06-14 11:10:04,P,2021-06-14 11:15:00
tdc74p2,HOURLY,A,17,2021-06-14 08:11:04,P,2021-06-14 08:15:00
tdc74p2,HOURLY,A,0,2021-06-14 05:11:05,P,2021-06-14 05:15:00
tdc74p2,HOURLY,A,0,2021-06-14 01:56:05,P,2021-06-14 02:00:00
tdc74p2,HOURLY,A,26,2021-06-13 22:57:04,P,2021-06-13 23:00:00
tdc74p2,HOURLY,A,28,2021-06-13 20:11:05,P,2021-06-13 20:15:00
tdc74p2,HOURLY,A,16,2021-06-13 16:57:04,P,2021-06-13 17:00:00
tdc74p2,HOURLY,A,24,2021-06-13 13:56:03,P,2021-06-13 14:00:00
tdc74p2,HOURLY,A,15,2021-06-13 11:28:03,P,2021-06-13 11:30:00
tdc74p2,HOURLY,A,25,2021-06-13 08:43:03,P,2021-06-13 08:45:00
tdc74p2,HOURLY,A,0,2021-06-13 02:11:03,P,2021-06-13 02:15:00
tdc74p2,HOURLY,A,29,2021-06-12 17:27:03,P,2021-06-12 17:30:00
tdc74p2,HOURLY,A,27,2021-06-12 10:56:03,P,2021-06-12 11:00:00
tdc74p2,HOURLY,A,0,2021-06-12 03:57:03,P,2021-06-12 04:00:00
tdc74p2,HOURLY,A,29,2021-06-11 21:42:02,P,2021-06-11 21:45:00
tdc74p2,HOURLY,A,29,2021-06-11 15:56:04,P,2021-06-11 16:00:00
tdc74p2,HOURLY,A,0,2021-06-11 04:12:04,P,2021-06-11 04:15:00
tdc74p2,HOURLY,A,12,2021-06-10 21:57:03,P,2021-06-10 22:00:00
tdc74p2,HOURLY,A,29,2021-06-10 19:13:04,P,2021-06-10 19:15:00
tdc74p2,HOURLY,A,29,2021-06-10 14:41:03,P,2021-06-10 14:45:00
tdc74p2,HOURLY,A,29,2021-06-10 11:26:03,P,2021-06-10 11:30:00
tdc74p2,HOURLY,A,18,2021-06-10 08:27:03,P,2021-06-10 08:30:00
tdc74p2,HOURLY,A,0,2021-06-10 05:42:04,P,2021-06-10 05:45:00
tdc74p2,HOURLY,A,0,2021-06-10 02:41:04,P,2021-06-10 02:45:00
tdc74p2,HOURLY,A,0,2021-06-10 00:42:04,P,2021-06-10 00:45:00
tdc74p2,HOURLY,A,8,2021-06-09 21:56:03,P,2021-06-09 22:00:00
tdc74p2,HOURLY,A,19,2021-06-09 19:12:03,P,2021-06-09 19:15:00
tdc74p2,HOURLY,A,29,2021-06-09 15:11:03,P,2021-06-09 15:15:00
tdc74p2,HOURLY,A,29,2021-06-09 13:11:04,P,2021-06-09 13:15:00
tdc74p2,HOURLY,A,29,2021-06-09 10:43:03,P,2021-06-09 10:45:00
tdc74p2,HOURLY,A,10,2021-06-09 09:12:03,P,2021-06-09 09:15:00
tdc74p2,HOURLY,A,0,2021-06-09 06:56:04,P,2021-06-09 07:00:00
tdc74p2,HOURLY,A,11,2021-06-08 22:41:03,P,2021-06-08 22:45:00
tdc74p2,HOURLY,A,17,2021-06-08 19:56:03,P,2021-06-08 20:00:00
tdc74p2,HOURLY,A,29,2021-06-08 16:28:26,P,2021-06-08 16:30:00
tdc74p2,HOURLY,A,29,2021-06-08 12:26:28,P,2021-06-08 12:30:00
tdc74p2,HOURLY,A,23,2021-06-08 10:12:26,P,2021-06-08 10:15:00
tdc74p2,HOURLY,A,4,2021-06-08 06:56:26,P,2021-06-08 07:00:00
tdc74p2,HOURLY,A,0,2021-06-08 04:27:26,P,2021-06-08 04:30:00
tdc74p2,HOURLY,A,0,2021-06-08 03:26:26,P,2021-06-08 03:30:00
tdc74p2,HOURLY,A,0,2021-06-08 01:57:26,P,2021-06-08 02:00:00
tdc74p2,HOURLY,A,0,2021-06-07 23:26:25,P,2021-06-07 23:30:00
tdc74p2,HOURLY,A,16,2021-06-07 21:43:26,P,2021-06-07 21:45:00
tdc74p2,HOURLY,A,14,2021-06-07 19:27:25,P,2021-06-07 19:30:00
tdc74p2,HOURLY,A,29,2021-06-07 12:41:25,P,2021-06-07 12:45:00
tdc74p2,HOURLY,A,20,2021-06-07 07:57:25,P,2021-06-07 08:00:00
tdc74p2,HOURLY,A,1,2021-06-07 06:42:25,P,2021-06-07 06:45:00
tdc74p2,HOURLY,A,0,2021-06-07 04:27:25,P,2021-06-07 04:30:00
tdc74p2,HOURLY,A,0,2021-06-07 01:57:25,P,2021-06-07 02:00:00
tdc74p2,HOURLY,A,6,2021-06-06 23:57:25,P,2021-06-07 00:00:00
tdc74p2,HOURLY,A,27,2021-06-06 21:42:26,P,2021-06-06 21:45:00
tdc74p2,HOURLY,A,29,2021-06-06 19:42:24,P,2021-06-06 19:45:00
tdc74p2,HOURLY,A,6,2021-06-06 17:27:27,P,2021-06-06 17:30:00
tdc74p2,HOURLY,A,0,2021-06-06 15:13:26,P,2021-06-06 15:15:00
tdc74p2,HOURLY,A,0,2021-06-06 11:26:26,P,2021-06-06 11:30:00
tdc74p2,HOURLY,A,10,2021-06-06 07:57:25,P,2021-06-06 08:00:00
tdc74p2,HOURLY,A,0,2021-06-06 06:13:25,P,2021-06-06 06:15:00
tdc74p2,HOURLY,A,0,2021-06-06 03:26:27,P,2021-06-06 03:30:00
tdc74p2,HOURLY,A,28,2021-06-05 21:42:25,P,2021-06-05 21:45:00
tdc74p2,HOURLY,A,14,2021-06-05 18:41:27,P,2021-06-05 18:45:00
tdc74p2,HOURLY,A,11,2021-06-05 11:57:26,P,2021-06-05 12:00:00
tdc74p2,HOURLY,A,0,2021-06-05 09:57:27,P,2021-06-05 10:00:00
tdc74p2,HOURLY,A,0,2021-06-05 06:28:25,P,2021-06-05 06:30:00
tdc74p2,HOURLY,A,0,2021-06-05 03:11:26,P,2021-06-05 03:15:00
tdc74p2,HOURLY,A,0,2021-06-05 01:56:24,P,2021-06-05 02:00:00
tdc74p2,HOURLY,A,29,2021-06-04 20:41:25,P,2021-06-04 20:45:00
tdc74p2,HOURLY,A,29,2021-06-04 15:12:26,P,2021-06-04 15:15:00
tdc74p2,HOURLY,A,15,2021-06-04 09:12:25,P,2021-06-04 09:15:00
tdc74p2,HOURLY,A,0,2021-06-04 03:43:25,P,2021-06-04 03:45:00
tdc74p2,HOURLY,A,2,2021-06-03 21:42:25,P,2021-06-03 21:45:00
tdc74p2,HOURLY,A,29,2021-06-03 16:56:24,P,2021-06-03 17:00:00
