﻿{"car_park":[{"park_id":"tdc6p10","vehicle_type":[{"type":"P","service_category":[{"category":"HOURLY","vacancy_type":"B","vacancy":0,"lastupdate":"2021-06-14 22:00:24"}]}]},{"park_id":"tdc6p11","vehicle_type":[{"type":"P","service_category":[{"category":"HOURLY","vacancy_type":"B","vacancy":1,"lastupdate":"2021-06-16 20:00:30"}]}]},{"park_id":"tdc6p12","vehicle_type":[{"type":"P","service_category":[{"category":"HOURLY","vacancy_type":"B","vacancy":1,"lastupdate":"2021-06-16 20:00:16"}]}]},{"park_id":"tdc6p8","vehicle_type":[{"type":"P","service_category":[{"category":"HOURLY","vacancy_type":"B","vacancy":1,"lastupdate":"2021-06-16 20:00:57"}]}]},{"park_id":"tdc6p9","vehicle_type":[{"type":"P","service_category":[{"category":"HOURLY","vacancy_type":"B","vacancy":0,"lastupdate":"2021-06-16 20:00:31"}]}]},{"park_id":"tdc8p3","vehicle_type":[{"type":"P","service_category":[{"category":"HOURLY","vacancy_type":"A","vacancy":197,"lastupdate":"2021-06-16 20:12:06"}]}]},{"park_id":"tdcp10","vehicle_type":[{"type":"P","service_category":[{"category":"HOURLY","vacancy_type":"A","vacancy":22,"lastupdate":"2021-06-16 20:12:04"}]},{"type":"M","service_category":[{"category":"HOURLY","vacancy_type":"A","vacancy":9,"lastupdate":"2021-06-16 20:12:04"}]}]},{"park_id":"tdcp11","vehicle_type":[{"type":"P","service_category":[{"category":"HOURLY","vacancy_type":"A","vacancy":127,"lastupdate":"2021-06-16 20:12:04"}]},{"type":"M","service_category":[{"category":"HOURLY","vacancy_type":"A","vacancy":0,"lastupdate":"2021-06-16 20:12:04"}]}]},{"park_id":"tdcp12","vehicle_type":[{"type":"P","service_category":[{"category":"HOURLY","vacancy_type":"A","vacancy":39,"lastupdate":"2021-06-16 20:12:04"}]},{"type":"M","service_category":[{"category":"HOURLY","vacancy_type":"A","vacancy":0,"lastupdate":"2021-06-16 20:12:04"}]}]},{"park_id":"tdcp2","vehicle_type":[{"type":"P","service_category":[{"category":"HOURLY","vacancy_type":"A","vacancy":423,"lastupdate":"2021-06-16 20:12:04"}]},{"type":"M","service_category":[{"category":"HOURLY","vacancy_type":"A","vacancy":10,"lastupdate":"2021-06-16 20:12:04"}]}]},{"park_id":"tdcp3","vehicle_type":[{"type":"P","service_category":[{"category":"HOURLY","vacancy_type":"A","vacancy":92,"lastupdate":"2021-06-16 20:12:04"}]},{"type":"M","service_category":[{"category":"HOURLY","vacancy_type":"A","vacancy":0,"lastupdate":"2021-06-16 20:12:04"}]}]},{"park_id":"tdcp5","vehicle_type":[{"type":"P","service_category":[{"category":"HOURLY","vacancy_type":"A","vacancy":83,"lastupdate":"2021-06-16 20:12:04"}]},{"type":"M","service_category":[{"category":"HOURLY","vacancy_type":"A","vacancy":1,"lastupdate":"2021-06-16 20:12:04"}]}]},{"park_id":"tdcp6","vehicle_type":[{"type":"P","service_category":[{"category":"HOURLY","vacancy_type":"A","vacancy":106,"lastupdate":"2021-06-16 20:12:04"}]},{"type":"M","service_category":[{"category":"HOURLY","vacancy_type":"A","vacancy":12,"lastupdate":"2021-06-16 20:12:04"}]}]},{"park_id":"tdcp7","vehicle_type":[{"type":"P","service_category":[{"category":"HOURLY","vacancy_type":"A","vacancy":12,"lastupdate":"2021-06-16 20:12:04"}]},{"type":"M","service_category":[{"category":"HOURLY","vacancy_type":"A","vacancy":0,"lastupdate":"2021-06-16 20:12:04"}]}]},{"park_id":"tdcp8","vehicle_type":[{"type":"P","service_category":[{"category":"HOURLY","vacancy_type":"A","vacancy":196,"lastupdate":"2021-06-16 20:12:04"}]},{"type":"M","service_category":[{"category":"HOURLY","vacancy_type":"A","vacancy":2,"lastupdate":"2021-06-16 20:12:04"}]}]},{"park_id":"tdcp9","vehicle_type":[{"type":"P","service_category":[{"category":"HOURLY","vacancy_type":"A","vacancy":63,"lastupdate":"2021-06-16 20:12:04"}]},{"type":"M","service_category":[{"category":"HOURLY","vacancy_type":"A","vacancy":4,"lastupdate":"2021-06-16 20:12:04"}]}]},{"park_id":"tdstt2p2","vehicle_type":[{"type":"P","service_category":[{"category":"HOURLY","vacancy_type":"A","vacancy":81,"lastupdate":"2021-06-16 20:11:08"}]},{"type":"T","service_category":[{"category":"HOURLY","vacancy_type":"A","vacancy":0,"lastupdate":"2021-06-16 20:11:08"}]}]},{"park_id":"tdc5p1","vehicle_type":[{"type":"P","service_category":[{"category":"HOURLY","vacancy_type":"B","vacancy":1,"lastupdate":"2021-05-02 09:55:01"}]}]},{"park_id":"tdc5p3","vehicle_type":[{"type":"P","service_category":[{"category":"HOURLY","vacancy_type":"B","vacancy":1,"lastupdate":"2021-06-16 18:21:36"}]}]},{"park_id":"tdc5p4","vehicle_type":[{"type":"P","service_category":[{"category":"HOURLY","vacancy_type":"B","vacancy":1,"lastupdate":"2021-05-30 14:01:59"}]}]},{"park_id":"tdc17p1","vehicle_type":[{"type":"P","service_category":[{"category":"HOURLY","vacancy_type":"A","vacancy":16,"lastupdate":"2021-06-16 20:12:04"}]},{"type":"L","service_category":[{"category":"HOURLY","vacancy_type":"A","vacancy":16,"lastupdate":"2021-06-16 20:12:04"}]},{"type":"M","service_category":[{"category":"HOURLY","vacancy_type":"A","vacancy":16,"lastupdate":"2021-06-16 20:12:04"}]}]},{"park_id":"tdstt30","vehicle_type":[{"type":"P","service_category":[{"category":"HOURLY","vacancy_type":"A","vacancy":76,"lastupdate":"2021-06-16 20:12:05"}]},{"type":"L","service_category":[{"category":"HOURLY","vacancy_type":"A","vacancy":10,"lastupdate":"2021-06-16 20:12:05"}]},{"type":"B","service_category":[{"category":"HOURLY","vacancy_type":"A","vacancy":10,"lastupdate":"2021-06-16 20:12:05"}]},{"type":"M","service_category":[{"category":"HOURLY","vacancy_type":"A","vacancy":15,"lastupdate":"2021-06-16 20:12:05"}]}]},{"park_id":"tdc1p5","vehicle_type":[{"type":"P","service_category":[{"category":"HOURLY","vacancy_type":"A","vacancy":44,"lastupdate":"2021-06-16 20:11:08"}]}]},{"park_id":"tdc1p4","vehicle_type":[{"type":"P","service_category":[{"category":"HOURLY","vacancy_type":"A","vacancy":5,"lastupdate":"2021-06-16 20:11:08"}]}]},{"park_id":"tdc1p3","vehicle_type":[{"type":"P","service_category":[{"category":"HOURLY","vacancy_type":"A","vacancy":52,"lastupdate":"2021-06-16 20:11:07"}]}]},{"park_id":"tdc1p2","vehicle_type":[{"type":"P","service_category":[{"category":"HOURLY","vacancy_type":"A","vacancy":35,"lastupdate":"2021-06-16 20:11:07"}]}]},{"park_id":"tdc1p1","vehicle_type":[{"type":"P","service_category":[{"category":"HOURLY","vacancy_type":"A","vacancy":40,"lastupdate":"2021-06-16 20:11:06"}]}]},{"park_id":"tdc17p3","vehicle_type":[{"type":"P","service_category":[{"category":"HOURLY","vacancy_type":"A","vacancy":19,"lastupdate":"2021-06-16 10:10:27"}]}]},{"park_id":"tdstt3p1","vehicle_type":[{"type":"P","service_category":[{"category":"HOURLY","vacancy_type":"A","vacancy":6,"lastupdate":"2021-06-16 20:11:08"}]},{"type":"L","service_category":[{"category":"HOURLY","vacancy_type":"A","vacancy":0,"lastupdate":"2021-06-16 20:11:08"}]},{"type":"B","service_category":[{"category":"HOURLY","vacancy_type":"A","vacancy":0,"lastupdate":"2021-06-16 20:11:08"}]},{"type":"T","service_category":[{"category":"HOURLY","vacancy_type":"A","vacancy":0,"lastupdate":"2021-06-16 20:11:08"}]}]},{"park_id":"tdc17p2","vehicle_type":[{"type":"P","service_category":[{"category":"HOURLY","vacancy_type":"A","vacancy":174,"lastupdate":"2021-06-16 20:12:04"}]},{"type":"M","service_category":[{"category":"HOURLY","vacancy_type":"A","vacancy":0,"lastupdate":"2021-06-16 20:12:04"}]}]},{"park_id":"tdstt5p1","vehicle_type":[{"type":"P","service_category":[{"category":"HOURLY","vacancy_type":"A","vacancy":20,"lastupdate":"2021-06-16 20:12:05"}]},{"type":"L","service_category":[{"category":"HOURLY","vacancy_type":"A","vacancy":0,"lastupdate":"2021-06-16 20:12:05"}]},{"type":"B","service_category":[{"category":"HOURLY","vacancy_type":"A","vacancy":0,"lastupdate":"2021-06-16 20:12:05"}]},{"type":"T","service_category":[{"category":"HOURLY","vacancy_type":"A","vacancy":0,"lastupdate":"2021-06-16 20:12:05"}]}]},{"park_id":"tdc14p1004","vehicle_type":[{"type":"P","service_category":[{"category":"HOURLY","vacancy_type":"B","vacancy":1,"lastupdate":"2021-06-16 20:12:05"}]}]},{"park_id":"tdc14p1005","vehicle_type":[{"type":"P","service_category":[{"category":"HOURLY","vacancy_type":"B","vacancy":1,"lastupdate":"2021-06-16 20:12:05"}]}]},{"park_id":"tdc14p1006","vehicle_type":[{"type":"P","service_category":[{"category":"HOURLY","vacancy_type":"B","vacancy":1,"lastupdate":"2021-06-16 20:12:05"}]}]},{"park_id":"tdc14p1007","vehicle_type":[{"type":"P","service_category":[{"category":"HOURLY","vacancy_type":"B","vacancy":1,"lastupdate":"2021-06-16 20:12:05"}]}]},{"park_id":"tdc14p1008","vehicle_type":[{"type":"P","service_category":[{"category":"HOURLY","vacancy_type":"B","vacancy":1,"lastupdate":"2021-06-16 20:12:05"}]}]},{"park_id":"tdc14p1012","vehicle_type":[{"type":"P","service_category":[{"category":"HOURLY","vacancy_type":"B","vacancy":1,"lastupdate":"2021-06-16 20:12:08"}]}]},{"park_id":"tdc14p1015","vehicle_type":[{"type":"P","service_category":[{"category":"HOURLY","vacancy_type":"B","vacancy":1,"lastupdate":"2021-06-16 20:12:08"}]}]},{"park_id":"tdc14p1016","vehicle_type":[{"type":"P","service_category":[{"category":"HOURLY","vacancy_type":"B","vacancy":1,"lastupdate":"2021-06-16 20:12:08"}]}]},{"park_id":"tdc14p1017","vehicle_type":[{"type":"P","service_category":[{"category":"HOURLY","vacancy_type":"B","vacancy":1,"lastupdate":"2021-06-16 20:12:08"}]}]},{"park_id":"tdstt38","vehicle_type":[{"type":"P","service_category":[{"category":"HOURLY","vacancy_type":"A","vacancy":30,"lastupdate":"2021-06-16 20:12:05"}]}]},{"park_id":"tdstt37","vehicle_type":[{"type":"P","service_category":[{"category":"HOURLY","vacancy_type":"A","vacancy":50,"lastupdate":"2021-06-16 20:11:08"}]}]},{"park_id":"tdc14p1030","vehicle_type":[{"type":"P","service_category":[{"category":"HOURLY","vacancy_type":"B","vacancy":1,"lastupdate":"2021-06-16 20:12:08"}]}]},{"park_id":"tdc14p1031","vehicle_type":[{"type":"P","service_category":[{"category":"HOURLY","vacancy_type":"B","vacancy":1,"lastupdate":"2021-06-16 20:12:11"}]}]},{"park_id":"tdc14p1032","vehicle_type":[{"type":"P","service_category":[{"category":"HOURLY","vacancy_type":"B","vacancy":1,"lastupdate":"2021-06-16 20:12:11"}]}]},{"park_id":"tdc14p1033","vehicle_type":[{"type":"P","service_category":[{"category":"HOURLY","vacancy_type":"B","vacancy":1,"lastupdate":"2021-06-16 20:12:11"}]}]},{"park_id":"tdc14p1034","vehicle_type":[{"type":"P","service_category":[{"category":"HOURLY","vacancy_type":"B","vacancy":1,"lastupdate":"2021-06-16 20:12:11"}]}]},{"park_id":"tdc14p1037","vehicle_type":[{"type":"P","service_category":[{"category":"HOURLY","vacancy_type":"B","vacancy":1,"lastupdate":"2021-06-16 20:12:11"}]}]},{"park_id":"tdc25p42","vehicle_type":[{"type":"P","service_category":[{"category":"HOURLY","vacancy_type":"A","vacancy":15,"lastupdate":"2021-06-16 20:12:05"}]}]},{"park_id":"tdc14p2101","vehicle_type":[{"type":"P","service_category":[{"category":"HOURLY","vacancy_type":"B","vacancy":1,"lastupdate":"2021-06-16 20:12:14"}]}]},{"park_id":"tdc14p2104","vehicle_type":[{"type":"P","service_category":[{"category":"HOURLY","vacancy_type":"B","vacancy":1,"lastupdate":"2021-06-16 20:12:14"}]}]},{"park_id":"tdc14p2106","vehicle_type":[{"type":"P","service_category":[{"category":"HOURLY","vacancy_type":"B","vacancy":1,"lastupdate":"2021-06-16 20:12:14"}]}]},{"park_id":"tdc25p41","vehicle_type":[{"type":"P","service_category":[{"category":"HOURLY","vacancy_type":"A","vacancy":8,"lastupdate":"2021-06-16 20:12:05"}]}]},{"park_id":"tdc25p40","vehicle_type":[{"type":"P","service_category":[{"category":"HOURLY","vacancy_type":"A","vacancy":10,"lastupdate":"2021-06-16 20:12:05"}]}]},{"park_id":"tdc14p2116","vehicle_type":[{"type":"P","service_category":[{"category":"HOURLY","vacancy_type":"B","vacancy":1,"lastupdate":"2021-06-16 20:12:14"}]}]},{"park_id":"tdc14p2117","vehicle_type":[{"type":"P","service_category":[{"category":"HOURLY","vacancy_type":"B","vacancy":1,"lastupdate":"2021-06-16 20:12:14"}]}]},{"park_id":"tdc14p2118","vehicle_type":[{"type":"P","service_category":[{"category":"HOURLY","vacancy_type":"B","vacancy":1,"lastupdate":"2021-06-16 20:12:17"}]}]},{"park_id":"tdc14p2119","vehicle_type":[{"type":"P","service_category":[{"category":"HOURLY","vacancy_type":"B","vacancy":1,"lastupdate":"2021-06-16 20:12:17"}]}]},{"park_id":"tdc14p2120","vehicle_type":[{"type":"P","service_category":[{"category":"HOURLY","vacancy_type":"B","vacancy":1,"lastupdate":"2021-06-16 20:12:17"}]}]},{"park_id":"tdc14p2121","vehicle_type":[{"type":"P","service_category":[{"category":"HOURLY","vacancy_type":"B","vacancy":1,"lastupdate":"2021-06-16 20:12:17"}]}]},{"park_id":"tdc25p39","vehicle_type":[{"type":"P","service_category":[{"category":"HOURLY","vacancy_type":"C","vacancy":0,"lastupdate":"2021-06-16 18:59:08"}]}]},{"park_id":"tdc14p3201","vehicle_type":[{"type":"P","service_category":[{"category":"HOURLY","vacancy_type":"B","vacancy":1,"lastupdate":"2021-06-16 20:12:17"}]}]},{"park_id":"tdc14p3204","vehicle_type":[{"type":"P","service_category":[{"category":"HOURLY","vacancy_type":"B","vacancy":1,"lastupdate":"2021-06-16 20:12:20"}]}]},{"park_id":"tdc14p3206","vehicle_type":[{"type":"P","service_category":[{"category":"HOURLY","vacancy_type":"B","vacancy":1,"lastupdate":"2021-06-16 20:12:20"}]}]},{"park_id":"tdc25p38","vehicle_type":[{"type":"P","service_category":[{"category":"HOURLY","vacancy_type":"A","vacancy":72,"lastupdate":"2021-06-16 20:12:05"}]}]},{"park_id":"tdc14p3216","vehicle_type":[{"type":"P","service_category":[{"category":"HOURLY","vacancy_type":"B","vacancy":1,"lastupdate":"2021-06-16 20:12:20"}]}]},{"park_id":"tdc14p3301","vehicle_type":[{"type":"P","service_category":[{"category":"HOURLY","vacancy_type":"B","vacancy":1,"lastupdate":"2021-06-16 20:12:20"}]}]},{"park_id":"tdc14p3303","vehicle_type":[{"type":"P","service_category":[{"category":"HOURLY","vacancy_type":"B","vacancy":1,"lastupdate":"2021-06-16 20:12:23"}]}]},{"park_id":"tdc14p3304","vehicle_type":[{"type":"P","service_category":[{"category":"HOURLY","vacancy_type":"B","vacancy":1,"lastupdate":"2021-06-16 20:12:23"}]}]},{"park_id":"tdc14p3306","vehicle_type":[{"type":"P","service_category":[{"category":"HOURLY","vacancy_type":"B","vacancy":1,"lastupdate":"2021-06-16 20:12:23"}]}]},{"park_id":"tdc14p3307","vehicle_type":[{"type":"P","service_category":[{"category":"HOURLY","vacancy_type":"B","vacancy":1,"lastupdate":"2021-06-16 20:12:23"}]}]},{"park_id":"tdc14p3309","vehicle_type":[{"type":"P","service_category":[{"category":"HOURLY","vacancy_type":"B","vacancy":1,"lastupdate":"2021-06-16 20:12:23"}]}]},{"park_id":"tdc14p3311","vehicle_type":[{"type":"P","service_category":[{"category":"HOURLY","vacancy_type":"B","vacancy":1,"lastupdate":"2021-06-16 20:12:27"}]}]},{"park_id":"tdc14p3431","vehicle_type":[{"type":"P","service_category":[{"category":"HOURLY","vacancy_type":"B","vacancy":1,"lastupdate":"2021-06-16 20:12:27"}]}]},{"park_id":"tdc14p3432","vehicle_type":[{"type":"P","service_category":[{"category":"HOURLY","vacancy_type":"B","vacancy":1,"lastupdate":"2021-06-16 20:12:27"}]}]},{"park_id":"tdc14p3433","vehicle_type":[{"type":"P","service_category":[{"category":"HOURLY","vacancy_type":"B","vacancy":1,"lastupdate":"2021-06-16 20:12:27"}]}]},{"park_id":"tdc14p3434","vehicle_type":[{"type":"P","service_category":[{"category":"HOURLY","vacancy_type":"B","vacancy":1,"lastupdate":"2021-06-16 20:12:27"}]}]},{"park_id":"tdc14p3435","vehicle_type":[{"type":"P","service_category":[{"category":"HOURLY","vacancy_type":"B","vacancy":1,"lastupdate":"2021-06-16 20:12:30"}]}]},{"park_id":"tdc14p3436","vehicle_type":[{"type":"P","service_category":[{"category":"HOURLY","vacancy_type":"B","vacancy":1,"lastupdate":"2021-06-16 20:12:30"}]}]},{"park_id":"tdc14p3441","vehicle_type":[{"type":"P","service_category":[{"category":"HOURLY","vacancy_type":"B","vacancy":1,"lastupdate":"2021-06-16 20:12:30"}]}]},{"park_id":"tdc14p3443","vehicle_type":[{"type":"P","service_category":[{"category":"HOURLY","vacancy_type":"B","vacancy":1,"lastupdate":"2021-06-16 20:12:30"}]}]},{"park_id":"tdc14p3444","vehicle_type":[{"type":"P","service_category":[{"category":"HOURLY","vacancy_type":"B","vacancy":0,"lastupdate":"2021-06-16 20:12:30"}]}]},{"park_id":"tdc14p3445","vehicle_type":[{"type":"P","service_category":[{"category":"HOURLY","vacancy_type":"B","vacancy":1,"lastupdate":"2021-06-16 20:12:33"}]}]},{"park_id":"tdc25p37","vehicle_type":[{"type":"P","service_category":[{"category":"HOURLY","vacancy_type":"A","vacancy":13,"lastupdate":"2021-06-16 20:12:05"}]}]},{"park_id":"tdc14p3512","vehicle_type":[{"type":"P","service_category":[{"category":"HOURLY","vacancy_type":"B","vacancy":1,"lastupdate":"2021-06-16 20:12:33"}]}]},{"park_id":"tdc14p3519","vehicle_type":[{"type":"P","service_category":[{"category":"HOURLY","vacancy_type":"B","vacancy":1,"lastupdate":"2021-06-16 20:12:33"}]}]},{"park_id":"tdc14p3520","vehicle_type":[{"type":"P","service_category":[{"category":"HOURLY","vacancy_type":"B","vacancy":1,"lastupdate":"2021-06-16 20:12:33"}]}]},{"park_id":"tdc14p3521","vehicle_type":[{"type":"P","service_category":[{"category":"HOURLY","vacancy_type":"B","vacancy":1,"lastupdate":"2021-06-16 20:12:36"}]}]},{"park_id":"tdc14p3522","vehicle_type":[{"type":"P","service_category":[{"category":"HOURLY","vacancy_type":"B","vacancy":1,"lastupdate":"2021-06-16 20:12:36"}]}]},{"park_id":"tdc25p36","vehicle_type":[{"type":"P","service_category":[{"category":"HOURLY","vacancy_type":"A","vacancy":11,"lastupdate":"2021-06-16 20:12:05"}]}]},{"park_id":"tdc14p3527","vehicle_type":[{"type":"P","service_category":[{"category":"HOURLY","vacancy_type":"B","vacancy":1,"lastupdate":"2021-06-16 20:12:36"}]}]},{"park_id":"tdc14p3554","vehicle_type":[{"type":"P","service_category":[{"category":"HOURLY","vacancy_type":"B","vacancy":1,"lastupdate":"2021-06-16 20:12:36"}]}]},{"park_id":"tdc44p1","vehicle_type":[{"type":"P","service_category":[{"category":"HOURLY","vacancy_type":"A","vacancy":1,"lastupdate":"2021-06-16 20:11:04"}]}]},{"park_id":"tdc14p4219","vehicle_type":[{"type":"P","service_category":[{"category":"HOURLY","vacancy_type":"B","vacancy":1,"lastupdate":"2021-06-16 20:12:39"}]}]},{"park_id":"tdc14p4220","vehicle_type":[{"type":"P","service_category":[{"category":"HOURLY","vacancy_type":"B","vacancy":1,"lastupdate":"2021-06-16 20:12:39"}]}]},{"park_id":"tdc14p4222","vehicle_type":[{"type":"P","service_category":[{"category":"HOURLY","vacancy_type":"B","vacancy":1,"lastupdate":"2021-06-16 20:12:39"}]}]},{"park_id":"tdc14p4223","vehicle_type":[{"type":"P","service_category":[{"category":"HOURLY","vacancy_type":"B","vacancy":1,"lastupdate":"2021-06-16 20:12:39"}]}]},{"park_id":"tdc14p4225","vehicle_type":[{"type":"P","service_category":[{"category":"HOURLY","vacancy_type":"B","vacancy":1,"lastupdate":"2021-06-16 20:12:39"}]}]},{"park_id":"tdc14p4227","vehicle_type":[{"type":"P","service_category":[{"category":"HOURLY","vacancy_type":"B","vacancy":1,"lastupdate":"2021-06-16 20:12:42"}]}]},{"park_id":"tdc14p4235","vehicle_type":[{"type":"P","service_category":[{"category":"HOURLY","vacancy_type":"B","vacancy":1,"lastupdate":"2021-06-16 20:12:42"}]}]},{"park_id":"tdc14p4237","vehicle_type":[{"type":"P","service_category":[{"category":"HOURLY","vacancy_type":"B","vacancy":1,"lastupdate":"2021-06-16 20:12:42"}]}]},{"park_id":"tdc14p4239","vehicle_type":[{"type":"P","service_category":[{"category":"HOURLY","vacancy_type":"B","vacancy":1,"lastupdate":"2021-06-16 20:12:42"}]}]},{"park_id":"tdc14p4243","vehicle_type":[{"type":"P","service_category":[{"category":"HOURLY","vacancy_type":"B","vacancy":1,"lastupdate":"2021-06-16 20:12:42"}]}]},{"park_id":"tdc14p4246","vehicle_type":[{"type":"P","service_category":[{"category":"HOURLY","vacancy_type":"B","vacancy":1,"lastupdate":"2021-06-16 20:12:46"}]}]},{"park_id":"tdc14p4312","vehicle_type":[{"type":"P","service_category":[{"category":"HOURLY","vacancy_type":"B","vacancy":1,"lastupdate":"2021-06-16 20:12:46"}]}]},{"park_id":"tdc14p4320","vehicle_type":[{"type":"P","service_category":[{"category":"HOURLY","vacancy_type":"B","vacancy":1,"lastupdate":"2021-06-16 20:12:46"}]}]},{"park_id":"tdc14p4321","vehicle_type":[{"type":"P","service_category":[{"category":"HOURLY","vacancy_type":"B","vacancy":1,"lastupdate":"2021-06-16 20:12:49"}]}]},{"park_id":"tdc14p4322","vehicle_type":[{"type":"P","service_category":[{"category":"HOURLY","vacancy_type":"B","vacancy":1,"lastupdate":"2021-06-16 20:12:49"}]}]},{"park_id":"tdc14p4327","vehicle_type":[{"type":"P","service_category":[{"category":"HOURLY","vacancy_type":"B","vacancy":1,"lastupdate":"2021-06-16 20:12:49"}]}]},{"park_id":"tdc14p4328","vehicle_type":[{"type":"P","service_category":[{"category":"HOURLY","vacancy_type":"B","vacancy":1,"lastupdate":"2021-06-16 20:12:49"}]}]},{"park_id":"tdc14p4330","vehicle_type":[{"type":"P","service_category":[{"category":"HOURLY","vacancy_type":"B","vacancy":1,"lastupdate":"2021-06-16 20:12:49"}]}]},{"park_id":"tdc14p4332","vehicle_type":[{"type":"P","service_category":[{"category":"HOURLY","vacancy_type":"B","vacancy":1,"lastupdate":"2021-06-16 20:12:52"}]}]},{"park_id":"tdc14p4334","vehicle_type":[{"type":"P","service_category":[{"category":"HOURLY","vacancy_type":"B","vacancy":1,"lastupdate":"2021-06-16 20:12:52"}]}]},{"park_id":"tdc14p4335","vehicle_type":[{"type":"P","service_category":[{"category":"HOURLY","vacancy_type":"B","vacancy":1,"lastupdate":"2021-06-16 20:12:52"}]}]},{"park_id":"tdc14p4337","vehicle_type":[{"type":"P","service_category":[{"category":"HOURLY","vacancy_type":"B","vacancy":1,"lastupdate":"2021-06-16 20:12:52"}]}]},{"park_id":"tdc25p35","vehicle_type":[{"type":"P","service_category":[{"category":"HOURLY","vacancy_type":"A","vacancy":10,"lastupdate":"2021-06-16 20:12:05"}]}]},{"park_id":"tdc14p4352","vehicle_type":[{"type":"P","service_category":[{"category":"HOURLY","vacancy_type":"B","vacancy":1,"lastupdate":"2021-06-16 20:12:55"}]}]},{"park_id":"tdc14p5128","vehicle_type":[{"type":"P","service_category":[{"category":"HOURLY","vacancy_type":"B","vacancy":1,"lastupdate":"2021-06-16 20:12:55"}]}]},{"park_id":"tdc14p5129","vehicle_type":[{"type":"P","service_category":[{"category":"HOURLY","vacancy_type":"B","vacancy":1,"lastupdate":"2021-06-16 20:12:55"}]}]},{"park_id":"tdc43p2","vehicle_type":[{"type":"P","service_category":[{"category":"HOURLY","vacancy_type":"A","vacancy":11,"lastupdate":"2021-06-16 20:12:04"}]}]},{"park_id":"tdc14p5132","vehicle_type":[{"type":"P","service_category":[{"category":"HOURLY","vacancy_type":"B","vacancy":1,"lastupdate":"2021-06-16 20:12:55"}]}]},{"park_id":"tdc43p1","vehicle_type":[{"type":"P","service_category":[{"category":"HOURLY","vacancy_type":"A","vacancy":0,"lastupdate":"2021-06-16 20:11:04"}]}]},{"park_id":"tdc14p5135","vehicle_type":[{"type":"P","service_category":[{"category":"HOURLY","vacancy_type":"B","vacancy":1,"lastupdate":"2021-06-16 20:12:55"}]}]},{"park_id":"tdc14p5136","vehicle_type":[{"type":"P","service_category":[{"category":"HOURLY","vacancy_type":"B","vacancy":1,"lastupdate":"2021-06-16 20:12:58"}]}]},{"park_id":"tdc14p5137","vehicle_type":[{"type":"P","service_category":[{"category":"HOURLY","vacancy_type":"B","vacancy":1,"lastupdate":"2021-06-16 20:12:58"}]}]},{"park_id":"tdstt31","vehicle_type":[{"type":"P","service_category":[{"category":"HOURLY","vacancy_type":"A","vacancy":13,"lastupdate":"2021-06-15 20:27:17"}]},{"type":"L","service_category":[{"category":"HOURLY","vacancy_type":"A","vacancy":0,"lastupdate":"2021-06-15 20:27:17"}]},{"type":"B","service_category":[{"category":"HOURLY","vacancy_type":"A","vacancy":0,"lastupdate":"2021-06-15 20:27:17"}]},{"type":"M","service_category":[{"category":"HOURLY","vacancy_type":"A","vacancy":0,"lastupdate":"2021-06-15 20:27:17"}]}]},{"park_id":"tdc14p5419","vehicle_type":[{"type":"P","service_category":[{"category":"HOURLY","vacancy_type":"B","vacancy":1,"lastupdate":"2021-06-16 20:12:58"}]}]},{"park_id":"tdc14p5421","vehicle_type":[{"type":"P","service_category":[{"category":"HOURLY","vacancy_type":"B","vacancy":0,"lastupdate":"2021-06-16 20:13:01"}]}]},{"park_id":"tdc14p5528","vehicle_type":[{"type":"P","service_category":[{"category":"HOURLY","vacancy_type":"B","vacancy":1,"lastupdate":"2021-06-16 20:13:01"}]}]},{"park_id":"tdc14p5532","vehicle_type":[{"type":"P","service_category":[{"category":"HOURLY","vacancy_type":"B","vacancy":1,"lastupdate":"2021-06-16 20:13:01"}]}]},{"park_id":"tdc14p5534","vehicle_type":[{"type":"P","service_category":[{"category":"HOURLY","vacancy_type":"B","vacancy":1,"lastupdate":"2021-06-16 20:13:01"}]}]},{"park_id":"tdc14p5535","vehicle_type":[{"type":"P","service_category":[{"category":"HOURLY","vacancy_type":"B","vacancy":1,"lastupdate":"2021-06-16 20:13:01"}]}]},{"park_id":"tdc14p5727","vehicle_type":[{"type":"P","service_category":[{"category":"HOURLY","vacancy_type":"B","vacancy":1,"lastupdate":"2021-06-16 20:11:05"}]}]},{"park_id":"tdc14p5904","vehicle_type":[{"type":"P","service_category":[{"category":"HOURLY","vacancy_type":"B","vacancy":1,"lastupdate":"2021-06-16 20:11:05"}]}]},{"park_id":"tdc14p6401","vehicle_type":[{"type":"P","service_category":[{"category":"HOURLY","vacancy_type":"B","vacancy":1,"lastupdate":"2021-06-16 20:11:05"}]}]},{"park_id":"tdc14p6601","vehicle_type":[{"type":"P","service_category":[{"category":"HOURLY","vacancy_type":"B","vacancy":1,"lastupdate":"2021-06-16 20:11:08"}]}]},{"park_id":"tdc14p6602","vehicle_type":[{"type":"P","service_category":[{"category":"HOURLY","vacancy_type":"B","vacancy":1,"lastupdate":"2021-06-16 20:11:08"}]}]},{"park_id":"tdc14p6604","vehicle_type":[{"type":"P","service_category":[{"category":"HOURLY","vacancy_type":"B","vacancy":1,"lastupdate":"2021-06-16 20:11:08"}]}]},{"park_id":"tdc14p6605","vehicle_type":[{"type":"P","service_category":[{"category":"HOURLY","vacancy_type":"B","vacancy":1,"lastupdate":"2021-06-16 20:11:08"}]}]},{"park_id":"tdc14p6606","vehicle_type":[{"type":"P","service_category":[{"category":"HOURLY","vacancy_type":"B","vacancy":1,"lastupdate":"2021-06-16 20:11:11"}]}]},{"park_id":"tdc14p6607","vehicle_type":[{"type":"P","service_category":[{"category":"HOURLY","vacancy_type":"B","vacancy":1,"lastupdate":"2021-06-16 20:11:11"}]}]},{"park_id":"tdc14p6608","vehicle_type":[{"type":"P","service_category":[{"category":"HOURLY","vacancy_type":"B","vacancy":1,"lastupdate":"2021-06-16 20:11:11"}]}]},{"park_id":"tdc14p6610","vehicle_type":[{"type":"P","service_category":[{"category":"HOURLY","vacancy_type":"B","vacancy":1,"lastupdate":"2021-06-16 20:11:11"}]}]},{"park_id":"tdc14p6611","vehicle_type":[{"type":"P","service_category":[{"category":"HOURLY","vacancy_type":"B","vacancy":1,"lastupdate":"2021-06-16 20:11:14"}]}]},{"park_id":"tdc14p6620","vehicle_type":[{"type":"P","service_category":[{"category":"HOURLY","vacancy_type":"B","vacancy":1,"lastupdate":"2021-06-16 20:11:14"}]}]},{"park_id":"tdc14p6639","vehicle_type":[{"type":"P","service_category":[{"category":"HOURLY","vacancy_type":"B","vacancy":1,"lastupdate":"2021-06-16 20:11:14"}]}]},{"park_id":"tdc14p6640","vehicle_type":[{"type":"P","service_category":[{"category":"HOURLY","vacancy_type":"B","vacancy":1,"lastupdate":"2021-06-16 20:11:14"}]}]},{"park_id":"tdc14p6641","vehicle_type":[{"type":"P","service_category":[{"category":"HOURLY","vacancy_type":"B","vacancy":1,"lastupdate":"2021-06-16 20:11:14"}]}]},{"park_id":"tdc14p6645","vehicle_type":[{"type":"P","service_category":[{"category":"HOURLY","vacancy_type":"B","vacancy":1,"lastupdate":"2021-06-16 20:11:17"}]}]},{"park_id":"tdc14p6728","vehicle_type":[{"type":"P","service_category":[{"category":"HOURLY","vacancy_type":"B","vacancy":1,"lastupdate":"2021-06-16 20:11:17"}]}]},{"park_id":"tdc14p6729","vehicle_type":[{"type":"P","service_category":[{"category":"HOURLY","vacancy_type":"B","vacancy":1,"lastupdate":"2021-06-16 20:11:17"}]}]},{"park_id":"tdc14p6730","vehicle_type":[{"type":"P","service_category":[{"category":"HOURLY","vacancy_type":"B","vacancy":1,"lastupdate":"2021-06-16 20:11:20"}]}]},{"park_id":"tdc14p7542","vehicle_type":[{"type":"P","service_category":[{"category":"HOURLY","vacancy_type":"B","vacancy":1,"lastupdate":"2021-06-16 20:11:20"}]}]},{"park_id":"tdc14p7622","vehicle_type":[{"type":"P","service_category":[{"category":"HOURLY","vacancy_type":"B","vacancy":1,"lastupdate":"2021-06-16 20:11:20"}]}]},{"park_id":"tdc14p7623","vehicle_type":[{"type":"P","service_category":[{"category":"HOURLY","vacancy_type":"B","vacancy":1,"lastupdate":"2021-06-16 20:11:24"}]}]},{"park_id":"tdc14p7629","vehicle_type":[{"type":"P","service_category":[{"category":"HOURLY","vacancy_type":"B","vacancy":1,"lastupdate":"2021-06-16 20:11:24"}]}]},{"park_id":"tdc14p7632","vehicle_type":[{"type":"P","service_category":[{"category":"HOURLY","vacancy_type":"B","vacancy":1,"lastupdate":"2021-06-16 20:11:24"}]}]},{"park_id":"tdc14p7633","vehicle_type":[{"type":"P","service_category":[{"category":"HOURLY","vacancy_type":"B","vacancy":1,"lastupdate":"2021-06-16 20:11:24"}]}]},{"park_id":"tdc14p7636","vehicle_type":[{"type":"P","service_category":[{"category":"HOURLY","vacancy_type":"B","vacancy":1,"lastupdate":"2021-06-16 20:11:28"}]}]},{"park_id":"tdc14p7732","vehicle_type":[{"type":"P","service_category":[{"category":"HOURLY","vacancy_type":"B","vacancy":0,"lastupdate":"2021-06-16 20:11:28"}]}]},{"park_id":"tdc14p7733","vehicle_type":[{"type":"P","service_category":[{"category":"HOURLY","vacancy_type":"B","vacancy":1,"lastupdate":"2021-06-16 20:11:28"}]}]},{"park_id":"tdc14p7737","vehicle_type":[{"type":"P","service_category":[{"category":"HOURLY","vacancy_type":"B","vacancy":1,"lastupdate":"2021-06-16 20:11:31"}]}]},{"park_id":"tdc14p7739","vehicle_type":[{"type":"P","service_category":[{"category":"HOURLY","vacancy_type":"B","vacancy":1,"lastupdate":"2021-06-16 20:11:31"}]}]},{"park_id":"tdc14p7740","vehicle_type":[{"type":"P","service_category":[{"category":"HOURLY","vacancy_type":"B","vacancy":0,"lastupdate":"2021-06-16 20:11:31"}]}]},{"park_id":"tdc14p7742","vehicle_type":[{"type":"P","service_category":[{"category":"HOURLY","vacancy_type":"B","vacancy":1,"lastupdate":"2021-06-16 20:11:31"}]}]},{"park_id":"tdc14p8423","vehicle_type":[{"type":"P","service_category":[{"category":"HOURLY","vacancy_type":"B","vacancy":1,"lastupdate":"2021-06-16 20:11:31"}]}]},{"park_id":"tdc14p8424","vehicle_type":[{"type":"P","service_category":[{"category":"HOURLY","vacancy_type":"B","vacancy":1,"lastupdate":"2021-06-16 20:11:34"}]}]},{"park_id":"tdc14p8426","vehicle_type":[{"type":"P","service_category":[{"category":"HOURLY","vacancy_type":"B","vacancy":0,"lastupdate":"2021-06-16 20:11:34"}]}]},{"park_id":"tdc14p8428","vehicle_type":[{"type":"P","service_category":[{"category":"HOURLY","vacancy_type":"B","vacancy":1,"lastupdate":"2021-06-16 20:11:34"}]}]},{"park_id":"tdc14p8502","vehicle_type":[{"type":"P","service_category":[{"category":"HOURLY","vacancy_type":"B","vacancy":1,"lastupdate":"2021-06-16 20:11:34"}]}]},{"park_id":"tdc14p8511","vehicle_type":[{"type":"P","service_category":[{"category":"HOURLY","vacancy_type":"B","vacancy":1,"lastupdate":"2021-06-16 20:11:34"}]}]},{"park_id":"tdc44p2","vehicle_type":[{"type":"P","service_category":[{"category":"HOURLY","vacancy_type":"A","vacancy":17,"lastupdate":"2021-06-16 20:11:04"}]}]},{"park_id":"tdstt7p1","vehicle_type":[{"type":"P","service_category":[{"category":"HOURLY","vacancy_type":"A","vacancy":9,"lastupdate":"2021-06-16 20:12:05"}]},{"type":"L","service_category":[{"category":"HOURLY","vacancy_type":"A","vacancy":0,"lastupdate":"2021-06-16 20:12:05"}]},{"type":"B","service_category":[{"category":"HOURLY","vacancy_type":"A","vacancy":0,"lastupdate":"2021-06-16 20:12:05"}]},{"type":"M","service_category":[{"category":"HOURLY","vacancy_type":"A","vacancy":0,"lastupdate":"2021-06-16 20:12:05"}]}]},{"park_id":"tdc21p1","vehicle_type":[]},{"park_id":"tdc2p8","vehicle_type":[{"type":"O","service_category":[{"category":"HOURLY","vacancy_type":"B","vacancy":1,"lastupdate":"2021-06-16 20:12:05"}]}]},{"park_id":"tdc2p5","vehicle_type":[{"type":"P","service_category":[{"category":"DAILY","vacancy_type":"B","vacancy":1,"lastupdate":"2021-06-16 20:12:04"}]}]},{"park_id":"tdc2p1","vehicle_type":[{"type":"P","service_category":[{"category":"HOURLY","vacancy_type":"A","vacancy":207,"lastupdate":"2021-06-16 20:12:04"}]}]},{"park_id":"tdc2p11","vehicle_type":[{"type":"L","service_category":[{"category":"DAILY","vacancy_type":"B","vacancy":1,"lastupdate":"2021-06-16 20:12:05"}]}]},{"park_id":"tdc2p10","vehicle_type":[{"type":"L","service_category":[{"category":"HOURLY","vacancy_type":"B","vacancy":1,"lastupdate":"2021-06-16 20:12:05"}]}]},{"park_id":"tdc2p9","vehicle_type":[{"type":"O","service_category":[{"category":"DAILY","vacancy_type":"B","vacancy":1,"lastupdate":"2021-06-16 20:12:05"}]}]},{"park_id":"tdc2p6","vehicle_type":[{"type":"P","service_category":[{"category":"HOURLY","vacancy_type":"B","vacancy":1,"lastupdate":"2021-06-16 20:12:04"}]}]},{"park_id":"tdc2p7","vehicle_type":[{"type":"P","service_category":[{"category":"DAILY","vacancy_type":"B","vacancy":1,"lastupdate":"2021-06-16 20:12:05"}]}]},{"park_id":"tdc2p4","vehicle_type":[{"type":"P","service_category":[{"category":"HOURLY","vacancy_type":"B","vacancy":1,"lastupdate":"2021-06-16 20:12:04"}]}]},{"park_id":"tdc22p1","vehicle_type":[{"type":"P","service_category":[{"category":"HOURLY","vacancy_type":"C","vacancy":0,"lastupdate":"2021-06-16 19:22:36"}]}]},{"park_id":"tdstt4p1","vehicle_type":[{"type":"P","service_category":[{"category":"HOURLY","vacancy_type":"A","vacancy":9,"lastupdate":"2021-06-16 20:11:08"}]},{"type":"L","service_category":[{"category":"HOURLY","vacancy_type":"A","vacancy":5,"lastupdate":"2021-06-16 20:11:08"}]}]},{"park_id":"tdstt10","vehicle_type":[{"type":"P","service_category":[{"category":"HOURLY","vacancy_type":"A","vacancy":140,"lastupdate":"2021-06-16 20:11:08"}]},{"type":"L","service_category":[{"category":"HOURLY","vacancy_type":"A","vacancy":8,"lastupdate":"2021-06-16 20:11:08"}]},{"type":"H","service_category":[{"category":"HOURLY","vacancy_type":"A","vacancy":7,"lastupdate":"2021-06-16 20:11:08"}]}]},{"park_id":"tdstt11","vehicle_type":[{"type":"P","service_category":[{"category":"HOURLY","vacancy_type":"A","vacancy":91,"lastupdate":"2021-06-16 20:11:08"}]}]},{"park_id":"tdstt9p1","vehicle_type":[]},{"park_id":"tdc6p7","vehicle_type":[{"type":"P","service_category":[{"category":"HOURLY","vacancy_type":"A","vacancy":110,"lastupdate":"2021-06-16 20:12:04"}]}]},{"park_id":"tdstt15","vehicle_type":[{"type":"P","service_category":[{"category":"HOURLY","vacancy_type":"A","vacancy":22,"lastupdate":"2021-06-16 19:59:38"}]},{"type":"H","service_category":[{"category":"HOURLY","vacancy_type":"A","vacancy":0,"lastupdate":"2021-06-16 19:59:38"}]}]},{"park_id":"tdc20p1","vehicle_type":[{"type":"P","service_category":[{"category":"HOURLY","vacancy_type":"C","vacancy":0,"lastupdate":"2021-05-02 17:36:02"}]}]},{"park_id":"tdstt12","vehicle_type":[{"type":"P","service_category":[{"category":"HOURLY","vacancy_type":"A","vacancy":12,"lastupdate":"2021-06-16 20:11:08"}]}]},{"park_id":"tdc10p2","vehicle_type":[{"type":"P","service_category":[{"category":"HOURLY","vacancy_type":"B","vacancy":1,"lastupdate":"2019-09-01 19:27:05"}]}]},{"park_id":"tdc10p3","vehicle_type":[{"type":"P","service_category":[{"category":"HOURLY","vacancy_type":"B","vacancy":1,"lastupdate":"2019-08-28 14:59:26"}]}]},{"park_id":"tdstt17","vehicle_type":[{"type":"P","service_category":[{"category":"HOURLY","vacancy_type":"A","vacancy":0,"lastupdate":"2021-06-16 20:12:31"}]}]},{"park_id":"tdstt16","vehicle_type":[{"type":"P","service_category":[{"category":"HOURLY","vacancy_type":"A","vacancy":6,"lastupdate":"2021-06-16 20:11:08"}]}]},{"park_id":"tdc26p1","vehicle_type":[{"type":"P","service_category":[{"category":"HOURLY","vacancy_type":"A","vacancy":155,"lastupdate":"2021-06-16 20:11:04"}]},{"type":"M","service_category":[{"category":"HOURLY","vacancy_type":"A","vacancy":3,"lastupdate":"2021-06-16 20:11:04"}]}]},{"park_id":"tdc26p2","vehicle_type":[{"type":"P","service_category":[{"category":"HOURLY","vacancy_type":"B","vacancy":1,"lastupdate":"2019-10-18 09:17:08"}]}]},{"park_id":"tdc27p1","vehicle_type":[{"type":"P","service_category":[{"category":"HOURLY","vacancy_type":"A","vacancy":9,"lastupdate":"2021-06-16 20:12:04"}]}]},{"park_id":"tdc10p1","vehicle_type":[{"type":"P","service_category":[{"category":"HOURLY","vacancy_type":"A","vacancy":51,"lastupdate":"2021-06-16 20:12:04"}]}]},{"park_id":"tdc6p6","vehicle_type":[{"type":"P","service_category":[{"category":"HOURLY","vacancy_type":"A","vacancy":16,"lastupdate":"2021-06-16 20:03:13"}]}]},{"park_id":"tdc16p544","vehicle_type":[]},{"park_id":"tdc48p3","vehicle_type":[{"type":"P","service_category":[{"category":"HOURLY","vacancy_type":"A","vacancy":1,"lastupdate":"2021-06-16 20:12:04"}]}]},{"park_id":"tdc48p2","vehicle_type":[{"type":"P","service_category":[{"category":"HOURLY","vacancy_type":"A","vacancy":16,"lastupdate":"2021-06-16 20:12:04"}]}]},{"park_id":"tdstt19","vehicle_type":[]},{"park_id":"tdc48p1","vehicle_type":[{"type":"P","service_category":[{"category":"HOURLY","vacancy_type":"A","vacancy":8,"lastupdate":"2021-06-16 20:12:04"}]}]},{"park_id":"tdc14p4259","vehicle_type":[{"type":"P","service_category":[{"category":"HOURLY","vacancy_type":"B","vacancy":1,"lastupdate":"2021-06-16 20:12:46"}]}]},{"park_id":"tdc14p4258","vehicle_type":[{"type":"P","service_category":[{"category":"HOURLY","vacancy_type":"B","vacancy":1,"lastupdate":"2021-06-16 20:12:46"}]}]},{"park_id":"tdc6p13","vehicle_type":[{"type":"P","service_category":[{"category":"HOURLY","vacancy_type":"B","vacancy":0,"lastupdate":"2021-06-16 20:00:29"}]}]},{"park_id":"tdc6p14","vehicle_type":[{"type":"P","service_category":[{"category":"HOURLY","vacancy_type":"B","vacancy":1,"lastupdate":"2021-06-16 19:57:25"}]}]},{"park_id":"tdc6p15","vehicle_type":[{"type":"P","service_category":[{"category":"HOURLY","vacancy_type":"B","vacancy":0,"lastupdate":"2021-06-16 20:00:26"}]},{"type":"N","service_category":[{"category":"HOURLY","vacancy_type":"B","vacancy":0,"lastupdate":"2021-06-16 20:00:26"}]}]},{"park_id":"tdc6p16","vehicle_type":[{"type":"P","service_category":[{"category":"HOURLY","vacancy_type":"A","vacancy":1,"lastupdate":"2021-06-16 20:00:44"}]},{"type":"L","service_category":[{"category":"HOURLY","vacancy_type":"A","vacancy":1,"lastupdate":"2021-06-16 20:00:44"}]}]},{"park_id":"tdc6p17","vehicle_type":[{"type":"P","service_category":[{"category":"HOURLY","vacancy_type":"A","vacancy":0,"lastupdate":"2021-06-16 19:16:28"}]}]},{"park_id":"tdc9p3","vehicle_type":[{"type":"P","service_category":[{"category":"HOURLY","vacancy_type":"A","vacancy":75,"lastupdate":"2021-06-16 20:11:04"}]}]},{"park_id":"tdc29p1","vehicle_type":[]},{"park_id":"tdc14p8888","vehicle_type":[]},{"park_id":"tdstt21","vehicle_type":[{"type":"P","service_category":[{"category":"HOURLY","vacancy_type":"A","vacancy":100,"lastupdate":"2021-06-16 20:06:33"}]},{"type":"L","service_category":[{"category":"HOURLY","vacancy_type":"A","vacancy":100,"lastupdate":"2021-06-16 20:06:33"}]},{"type":"H","service_category":[{"category":"HOURLY","vacancy_type":"A","vacancy":50,"lastupdate":"2021-06-16 20:06:33"}]},{"type":"B","service_category":[{"category":"HOURLY","vacancy_type":"A","vacancy":20,"lastupdate":"2021-06-16 20:06:33"}]},{"type":"C","service_category":[{"category":"HOURLY","vacancy_type":"A","vacancy":20,"lastupdate":"2021-06-16 20:06:33"}]}]},{"park_id":"tdstt23","vehicle_type":[{"type":"P","service_category":[{"category":"HOURLY","vacancy_type":"A","vacancy":88,"lastupdate":"2021-06-16 20:11:08"}]},{"type":"T","service_category":[{"category":"HOURLY","vacancy_type":"A","vacancy":39,"lastupdate":"2021-06-16 20:11:08"}]}]},{"park_id":"tdstt24","vehicle_type":[{"type":"P","service_category":[{"category":"HOURLY","vacancy_type":"A","vacancy":75,"lastupdate":"2021-06-16 20:00:30"}]},{"type":"L","service_category":[{"category":"HOURLY","vacancy_type":"A","vacancy":3,"lastupdate":"2021-06-16 20:00:30"}]},{"type":"B","service_category":[{"category":"HOURLY","vacancy_type":"A","vacancy":2,"lastupdate":"2021-06-16 20:00:30"}]}]},{"park_id":"tdstt22","vehicle_type":[{"type":"P","service_category":[{"category":"HOURLY","vacancy_type":"A","vacancy":3,"lastupdate":"2021-06-16 20:02:52"}]},{"type":"B","service_category":[{"category":"HOURLY","vacancy_type":"A","vacancy":0,"lastupdate":"2021-06-16 20:02:52"}]},{"type":"C","service_category":[{"category":"HOURLY","vacancy_type":"A","vacancy":0,"lastupdate":"2021-06-16 20:02:52"}]},{"type":"M","service_category":[{"category":"HOURLY","vacancy_type":"A","vacancy":0,"lastupdate":"2021-06-16 20:02:52"}]}]},{"park_id":"tdstt25","vehicle_type":[{"type":"P","service_category":[{"category":"HOURLY","vacancy_type":"A","vacancy":24,"lastupdate":"2021-06-16 19:41:56"}]}]},{"park_id":"tdstt26","vehicle_type":[{"type":"P","service_category":[{"category":"HOURLY","vacancy_type":"A","vacancy":5,"lastupdate":"2021-06-16 10:31:56"}]},{"type":"L","service_category":[{"category":"HOURLY","vacancy_type":"A","vacancy":0,"lastupdate":"2021-06-16 10:31:56"}]}]},{"park_id":"tdstt27","vehicle_type":[{"type":"P","service_category":[{"category":"HOURLY","vacancy_type":"A","vacancy":10,"lastupdate":"2021-06-16 20:11:08"}]}]},{"park_id":"tdstt28","vehicle_type":[{"type":"P","service_category":[{"category":"HOURLY","vacancy_type":"A","vacancy":67,"lastupdate":"2021-06-16 20:11:08"}]}]},{"park_id":"tdc6p18","vehicle_type":[{"type":"P","service_category":[{"category":"HOURLY","vacancy_type":"B","vacancy":1,"lastupdate":"2021-06-15 10:09:54"}]}]},{"park_id":"tdc10p4","vehicle_type":[{"type":"P","service_category":[{"category":"HOURLY","vacancy_type":"B","vacancy":1,"lastupdate":"2020-03-06 19:21:59"}]}]},{"park_id":"tdc6p19","vehicle_type":[{"type":"P","service_category":[{"category":"HOURLY","vacancy_type":"A","vacancy":0,"lastupdate":"2020-06-05 14:17:18"}]}]},{"park_id":"tdc6p20","vehicle_type":[{"type":"P","service_category":[{"category":"HOURLY","vacancy_type":"A","vacancy":0,"lastupdate":"2021-06-11 18:23:12"}]}]},{"park_id":"tdc6p21","vehicle_type":[{"type":"P","service_category":[{"category":"HOURLY","vacancy_type":"A","vacancy":4,"lastupdate":"2021-05-27 12:43:29"}]}]},{"park_id":"tdc6p22","vehicle_type":[{"type":"P","service_category":[{"category":"HOURLY","vacancy_type":"A","vacancy":11,"lastupdate":"2021-06-16 10:18:02"}]}]},{"park_id":"tdc32p1","vehicle_type":[{"type":"P","service_category":[{"category":"HOURLY","vacancy_type":"A","vacancy":11,"lastupdate":"2021-06-16 15:02:15"}]},{"type":"N","service_category":[{"category":"HOURLY","vacancy_type":"A","vacancy":7,"lastupdate":"2021-06-16 15:02:15"}]}]},{"park_id":"tdc32p2","vehicle_type":[{"type":"P","service_category":[{"category":"HOURLY","vacancy_type":"A","vacancy":29,"lastupdate":"2021-06-16 14:59:12"}]},{"type":"N","service_category":[{"category":"HOURLY","vacancy_type":"A","vacancy":29,"lastupdate":"2021-06-16 14:59:12"}]}]},{"park_id":"tdc32p3","vehicle_type":[{"type":"P","service_category":[{"category":"HOURLY","vacancy_type":"A","vacancy":35,"lastupdate":"2020-10-30 11:12:34"}]}]},{"park_id":"tdc32p4","vehicle_type":[{"type":"P","service_category":[{"category":"HOURLY","vacancy_type":"A","vacancy":33,"lastupdate":"2021-06-12 09:42:10"}]},{"type":"L","service_category":[{"category":"HOURLY","vacancy_type":"A","vacancy":0,"lastupdate":"2021-06-12 09:42:10"}]},{"type":"H","service_category":[{"category":"HOURLY","vacancy_type":"A","vacancy":0,"lastupdate":"2021-06-12 09:42:10"}]},{"type":"M","service_category":[{"category":"HOURLY","vacancy_type":"A","vacancy":0,"lastupdate":"2021-06-12 09:42:10"}]}]},{"park_id":"tdc32p5","vehicle_type":[{"type":"P","service_category":[{"category":"HOURLY","vacancy_type":"A","vacancy":1,"lastupdate":"2020-08-26 16:57:55"}]}]},{"park_id":"tdc32p6","vehicle_type":[{"type":"P","service_category":[{"category":"HOURLY","vacancy_type":"A","vacancy":5,"lastupdate":"2020-10-17 16:05:27"}]}]},{"park_id":"tdc33p1","vehicle_type":[{"type":"P","service_category":[{"category":"HOURLY","vacancy_type":"A","vacancy":0,"lastupdate":"2021-06-16 20:11:04"}]}]},{"park_id":"tdc33p2","vehicle_type":[{"type":"P","service_category":[{"category":"HOURLY","vacancy_type":"A","vacancy":0,"lastupdate":"2021-06-16 20:12:04"}]}]},{"park_id":"tdc36p1","vehicle_type":[{"type":"P","service_category":[{"category":"HOURLY","vacancy_type":"A","vacancy":394,"lastupdate":"2021-06-16 18:09:45"}]},{"type":"M","service_category":[{"category":"HOURLY","vacancy_type":"A","vacancy":0,"lastupdate":"2021-06-16 18:09:45"}]}]},{"park_id":"tdc36p2","vehicle_type":[{"type":"P","service_category":[{"category":"HOURLY","vacancy_type":"A","vacancy":123,"lastupdate":"2021-06-16 18:10:16"}]},{"type":"M","service_category":[{"category":"HOURLY","vacancy_type":"A","vacancy":0,"lastupdate":"2021-06-16 18:10:16"}]}]},{"park_id":"tdc30p1","vehicle_type":[]},{"park_id":"tdc34p1","vehicle_type":[{"type":"P","service_category":[{"category":"HOURLY","vacancy_type":"B","vacancy":1,"lastupdate":"2021-06-16 20:00:40"}]},{"type":"N","service_category":[{"category":"HOURLY","vacancy_type":"B","vacancy":1,"lastupdate":"2021-06-16 20:00:40"}]}]},{"park_id":"tdc31p1","vehicle_type":[{"type":"C","service_category":[{"category":"HOURLY","vacancy_type":"A","vacancy":26,"lastupdate":"2021-06-16 20:12:04"}]}]},{"park_id":"tdc39p1","vehicle_type":[{"type":"P","service_category":[{"category":"HOURLY","vacancy_type":"A","vacancy":9,"lastupdate":"2021-06-16 20:12:04"}]}]},{"park_id":"tdc37p1","vehicle_type":[{"type":"P","service_category":[{"category":"HOURLY","vacancy_type":"A","vacancy":32,"lastupdate":"2021-06-16 20:11:04"}]},{"type":"T","service_category":[{"category":"HOURLY","vacancy_type":"A","vacancy":0,"lastupdate":"2021-06-16 20:11:04"}]}]},{"park_id":"tdc38p1","vehicle_type":[{"type":"P","service_category":[{"category":"HOURLY","vacancy_type":"A","vacancy":11,"lastupdate":"2021-06-16 20:11:04"}]},{"type":"T","service_category":[{"category":"HOURLY","vacancy_type":"A","vacancy":0,"lastupdate":"2021-06-16 20:11:04"}]}]},{"park_id":"tdc38p2","vehicle_type":[{"type":"P","service_category":[{"category":"HOURLY","vacancy_type":"A","vacancy":22,"lastupdate":"2021-06-16 20:11:04"}]},{"type":"T","service_category":[{"category":"HOURLY","vacancy_type":"A","vacancy":0,"lastupdate":"2021-06-16 20:11:04"}]}]},{"park_id":"tdc38p3","vehicle_type":[]},{"park_id":"tdc42p1","vehicle_type":[{"type":"P","service_category":[{"category":"HOURLY","vacancy_type":"A","vacancy":1,"lastupdate":"2021-06-16 20:12:04"}]}]},{"park_id":"tdc41p1","vehicle_type":[{"type":"P","service_category":[{"category":"HOURLY","vacancy_type":"A","vacancy":21,"lastupdate":"2021-06-16 20:12:04"}]}]},{"park_id":"tdc41p2","vehicle_type":[{"type":"P","service_category":[{"category":"HOURLY","vacancy_type":"A","vacancy":9,"lastupdate":"2021-06-16 20:11:04"}]}]},{"park_id":"tdc35p1","vehicle_type":[{"type":"P","service_category":[{"category":"HOURLY","vacancy_type":"B","vacancy":0,"lastupdate":"2021-05-27 12:39:52"}]}]},{"park_id":"tdstt29","vehicle_type":[{"type":"P","service_category":[{"category":"HOURLY","vacancy_type":"A","vacancy":129,"lastupdate":"2021-06-16 20:11:08"}]},{"type":"T","service_category":[{"category":"HOURLY","vacancy_type":"A","vacancy":10,"lastupdate":"2021-06-16 20:11:08"}]}]},{"park_id":"tdc14p5408","vehicle_type":[{"type":"P","service_category":[{"category":"HOURLY","vacancy_type":"B","vacancy":1,"lastupdate":"2021-06-16 20:12:58"}]}]},{"park_id":"tdc14p6603","vehicle_type":[{"type":"P","service_category":[{"category":"HOURLY","vacancy_type":"B","vacancy":1,"lastupdate":"2021-06-16 20:11:08"}]}]},{"park_id":"tdc14p7543","vehicle_type":[{"type":"P","service_category":[{"category":"HOURLY","vacancy_type":"B","vacancy":1,"lastupdate":"2021-06-16 20:11:20"}]}]},{"park_id":"tdc14p3202","vehicle_type":[{"type":"P","service_category":[{"category":"HOURLY","vacancy_type":"B","vacancy":1,"lastupdate":"2021-06-16 20:12:20"}]}]},{"park_id":"tdc14p3514","vehicle_type":[{"type":"P","service_category":[{"category":"HOURLY","vacancy_type":"B","vacancy":0,"lastupdate":"2021-06-16 20:12:33"}]}]},{"park_id":"tdc14p7545","vehicle_type":[{"type":"P","service_category":[{"category":"HOURLY","vacancy_type":"B","vacancy":1,"lastupdate":"2021-06-16 20:11:20"}]}]},{"park_id":"tdc14p5718","vehicle_type":[{"type":"P","service_category":[{"category":"HOURLY","vacancy_type":"B","vacancy":1,"lastupdate":"2021-06-16 20:11:05"}]}]},{"park_id":"tdc14p5406","vehicle_type":[{"type":"P","service_category":[{"category":"HOURLY","vacancy_type":"B","vacancy":1,"lastupdate":"2021-06-16 20:12:58"}]}]},{"park_id":"tdc14p5536","vehicle_type":[{"type":"P","service_category":[{"category":"HOURLY","vacancy_type":"B","vacancy":0,"lastupdate":"2021-06-16 20:11:05"}]}]},{"park_id":"tdc14p7645","vehicle_type":[{"type":"P","service_category":[{"category":"HOURLY","vacancy_type":"B","vacancy":0,"lastupdate":"2021-06-16 20:11:28"}]}]},{"park_id":"tdc14p6643","vehicle_type":[{"type":"P","service_category":[{"category":"HOURLY","vacancy_type":"B","vacancy":1,"lastupdate":"2021-06-16 20:11:17"}]}]},{"park_id":"tdc14p7628","vehicle_type":[{"type":"P","service_category":[{"category":"HOURLY","vacancy_type":"B","vacancy":1,"lastupdate":"2021-06-16 20:11:24"}]}]},{"park_id":"tdc14p7646","vehicle_type":[{"type":"P","service_category":[{"category":"HOURLY","vacancy_type":"B","vacancy":1,"lastupdate":"2021-06-16 20:11:28"}]}]},{"park_id":"tdc14p6609","vehicle_type":[{"type":"P","service_category":[{"category":"HOURLY","vacancy_type":"B","vacancy":1,"lastupdate":"2021-06-16 20:11:11"}]}]},{"park_id":"tdc14p4336","vehicle_type":[{"type":"P","service_category":[{"category":"HOURLY","vacancy_type":"B","vacancy":0,"lastupdate":"2021-06-16 20:12:52"}]}]},{"park_id":"tdc14p6713","vehicle_type":[{"type":"P","service_category":[{"category":"HOURLY","vacancy_type":"B","vacancy":1,"lastupdate":"2021-06-16 20:11:17"}]}]},{"park_id":"tdstt39","vehicle_type":[{"type":"P","service_category":[{"category":"HOURLY","vacancy_type":"A","vacancy":30,"lastupdate":"2021-06-16 20:11:08"}]}]},{"park_id":"tdstt40","vehicle_type":[{"type":"P","service_category":[{"category":"HOURLY","vacancy_type":"A","vacancy":30,"lastupdate":"2021-06-16 20:12:05"}]}]},{"park_id":"tdstt41","vehicle_type":[{"type":"P","service_category":[{"category":"HOURLY","vacancy_type":"A","vacancy":21,"lastupdate":"2021-06-16 20:11:08"}]}]},{"park_id":"tdstt42","vehicle_type":[{"type":"P","service_category":[{"category":"HOURLY","vacancy_type":"A","vacancy":30,"lastupdate":"2021-06-16 20:11:08"}]}]},{"park_id":"tdstt43","vehicle_type":[{"type":"P","service_category":[{"category":"HOURLY","vacancy_type":"A","vacancy":10,"lastupdate":"2021-06-14 22:30:20"}]}]},{"park_id":"tdc44p3","vehicle_type":[{"type":"P","service_category":[{"category":"HOURLY","vacancy_type":"A","vacancy":23,"lastupdate":"2021-06-16 20:11:04"}]}]},{"park_id":"tdc47p1","vehicle_type":[{"type":"P","service_category":[{"category":"HOURLY","vacancy_type":"A","vacancy":15,"lastupdate":"2021-06-16 10:56:39"}]}]},{"park_id":"tdc46p1","vehicle_type":[{"type":"P","service_category":[{"category":"HOURLY","vacancy_type":"B","vacancy":1,"lastupdate":"2021-06-04 16:08:49"}]},{"type":"N","service_category":[{"category":"HOURLY","vacancy_type":"B","vacancy":1,"lastupdate":"2021-06-04 16:08:49"}]}]},{"park_id":"tdstt35","vehicle_type":[{"type":"P","service_category":[{"category":"HOURLY","vacancy_type":"A","vacancy":46,"lastupdate":"2021-06-16 20:11:08"}]}]},{"park_id":"tdstt36","vehicle_type":[{"type":"P","service_category":[{"category":"HOURLY","vacancy_type":"A","vacancy":83,"lastupdate":"2021-06-16 20:12:05"}]}]},{"park_id":"tdstt34","vehicle_type":[{"type":"P","service_category":[{"category":"HOURLY","vacancy_type":"A","vacancy":62,"lastupdate":"2021-06-16 19:58:41"}]}]},{"park_id":"tdstt32","vehicle_type":[{"type":"P","service_category":[{"category":"HOURLY","vacancy_type":"A","vacancy":18,"lastupdate":"2021-06-16 10:56:16"}]},{"type":"L","service_category":[{"category":"HOURLY","vacancy_type":"A","vacancy":13,"lastupdate":"2021-06-16 10:56:16"}]},{"type":"H","service_category":[{"category":"HOURLY","vacancy_type":"A","vacancy":12,"lastupdate":"2021-06-16 10:56:16"}]}]},{"park_id":"tdstt33","vehicle_type":[{"type":"P","service_category":[{"category":"HOURLY","vacancy_type":"A","vacancy":18,"lastupdate":"2021-06-16 10:56:00"}]}]},{"park_id":"tdstt46","vehicle_type":[{"type":"P","service_category":[{"category":"HOURLY","vacancy_type":"A","vacancy":26,"lastupdate":"2021-06-16 13:16:30"}]},{"type":"L","service_category":[{"category":"HOURLY","vacancy_type":"A","vacancy":6,"lastupdate":"2021-06-16 13:16:30"}]},{"type":"M","service_category":[{"category":"HOURLY","vacancy_type":"A","vacancy":4,"lastupdate":"2021-06-16 13:16:30"}]}]},{"park_id":"tdstt44","vehicle_type":[{"type":"P","service_category":[{"category":"HOURLY","vacancy_type":"A","vacancy":12,"lastupdate":"2021-06-16 13:16:41"}]}]},{"park_id":"tdstt47","vehicle_type":[]},{"park_id":"tdc25p43","vehicle_type":[{"type":"P","service_category":[{"category":"HOURLY","vacancy_type":"A","vacancy":11,"lastupdate":"2021-06-16 20:12:05"}]}]},{"park_id":"tdc25p44","vehicle_type":[{"type":"P","service_category":[{"category":"HOURLY","vacancy_type":"A","vacancy":5,"lastupdate":"2021-06-16 20:12:05"}]}]},{"park_id":"tdc53p1","vehicle_type":[{"type":"P","service_category":[{"category":"HOURLY","vacancy_type":"A","vacancy":19,"lastupdate":"2021-06-16 20:11:04"}]}]},{"park_id":"tdc53p2","vehicle_type":[{"type":"P","service_category":[{"category":"HOURLY","vacancy_type":"A","vacancy":4,"lastupdate":"2021-06-16 20:11:04"}]}]},{"park_id":"tdc53p3","vehicle_type":[{"type":"P","service_category":[{"category":"HOURLY","vacancy_type":"A","vacancy":8,"lastupdate":"2021-06-16 20:11:04"}]}]},{"park_id":"tdc55p1","vehicle_type":[{"type":"P","service_category":[{"category":"HOURLY","vacancy_type":"A","vacancy":83,"lastupdate":"2021-06-16 20:12:04"}]}]},{"park_id":"tdc58p3","vehicle_type":[{"type":"P","service_category":[{"category":"HOURLY","vacancy_type":"A","vacancy":9,"lastupdate":"2021-06-16 20:12:04"}]},{"type":"B","service_category":[{"category":"HOURLY","vacancy_type":"A","vacancy":2,"lastupdate":"2021-06-16 20:12:04"}]},{"type":"M","service_category":[{"category":"HOURLY","vacancy_type":"A","vacancy":4,"lastupdate":"2021-06-16 20:12:04"}]}]},{"park_id":"tdc58p4","vehicle_type":[{"type":"P","service_category":[{"category":"HOURLY","vacancy_type":"A","vacancy":15,"lastupdate":"2021-06-16 20:11:04"}]}]},{"park_id":"tdc58p5","vehicle_type":[]},{"park_id":"tdc59p1","vehicle_type":[]},{"park_id":"tdc57p1","vehicle_type":[{"type":"P","service_category":[{"category":"HOURLY","vacancy_type":"A","vacancy":38,"lastupdate":"2021-06-16 20:11:04"}]}]},{"park_id":"tdc56p1","vehicle_type":[{"type":"P","service_category":[{"category":"HOURLY","vacancy_type":"A","vacancy":80,"lastupdate":"2021-06-15 23:59:38"}]}]},{"park_id":"tdc8p1","vehicle_type":[{"type":"P","service_category":[{"category":"HOURLY","vacancy_type":"A","vacancy":45,"lastupdate":"2021-06-16 20:12:06"}]}]},{"park_id":"tdc8p2","vehicle_type":[{"type":"P","service_category":[{"category":"HOURLY","vacancy_type":"A","vacancy":146,"lastupdate":"2021-06-16 20:12:06"}]}]},{"park_id":"tdc8p14","vehicle_type":[{"type":"P","service_category":[{"category":"HOURLY","vacancy_type":"A","vacancy":15,"lastupdate":"2021-06-16 20:12:06"}]}]},{"park_id":"tdc8p15","vehicle_type":[{"type":"P","service_category":[{"category":"HOURLY","vacancy_type":"A","vacancy":339,"lastupdate":"2021-06-16 20:12:06"}]}]},{"park_id":"tdc8p11","vehicle_type":[{"type":"P","service_category":[{"category":"HOURLY","vacancy_type":"A","vacancy":46,"lastupdate":"2021-06-16 20:12:06"}]}]},{"park_id":"tdc8p10","vehicle_type":[{"type":"P","service_category":[{"category":"HOURLY","vacancy_type":"A","vacancy":336,"lastupdate":"2021-06-16 20:12:06"}]}]},{"park_id":"tdc8p8","vehicle_type":[{"type":"P","service_category":[{"category":"HOURLY","vacancy_type":"A","vacancy":47,"lastupdate":"2021-06-16 20:12:06"}]}]},{"park_id":"tdc8p7","vehicle_type":[{"type":"P","service_category":[{"category":"HOURLY","vacancy_type":"A","vacancy":47,"lastupdate":"2021-06-16 20:12:06"}]}]},{"park_id":"tdc8p12","vehicle_type":[{"type":"P","service_category":[{"category":"HOURLY","vacancy_type":"A","vacancy":39,"lastupdate":"2021-06-16 20:12:06"}]}]},{"park_id":"tdc8p9","vehicle_type":[{"type":"P","service_category":[{"category":"HOURLY","vacancy_type":"A","vacancy":41,"lastupdate":"2021-06-16 20:12:06"}]}]},{"park_id":"tdc8p16","vehicle_type":[{"type":"P","service_category":[{"category":"HOURLY","vacancy_type":"A","vacancy":161,"lastupdate":"2021-06-16 20:12:06"}]}]},{"park_id":"tdstt48","vehicle_type":[]},{"park_id":"tdc58p1","vehicle_type":[]},{"park_id":"tdc58p2","vehicle_type":[]},{"park_id":"tdc60p1","vehicle_type":[{"type":"P","service_category":[{"category":"HOURLY","vacancy_type":"B","vacancy":1,"lastupdate":"2021-04-08 15:38:32"}]},{"type":"M","service_category":[{"category":"HOURLY","vacancy_type":"B","vacancy":1,"lastupdate":"2021-04-08 15:38:32"}]}]},{"park_id":"tdc61p1","vehicle_type":[{"type":"P","service_category":[{"category":"HOURLY","vacancy_type":"A","vacancy":72,"lastupdate":"2021-06-16 20:11:04"}]}]},{"park_id":"tdc63p1","vehicle_type":[{"type":"P","service_category":[{"category":"HOURLY","vacancy_type":"A","vacancy":61,"lastupdate":"2021-06-16 20:11:04"}]},{"type":"B","service_category":[{"category":"HOURLY","vacancy_type":"A","vacancy":10,"lastupdate":"2021-06-16 20:11:04"}]}]},{"park_id":"tdc63p2","vehicle_type":[{"type":"P","service_category":[{"category":"HOURLY","vacancy_type":"A","vacancy":30,"lastupdate":"2021-06-16 20:11:04"}]},{"type":"B","service_category":[{"category":"HOURLY","vacancy_type":"A","vacancy":20,"lastupdate":"2021-06-16 20:11:04"}]}]},{"park_id":"tdc63p3","vehicle_type":[{"type":"P","service_category":[{"category":"HOURLY","vacancy_type":"A","vacancy":4,"lastupdate":"2021-06-16 20:12:04"}]},{"type":"M","service_category":[{"category":"HOURLY","vacancy_type":"A","vacancy":2,"lastupdate":"2021-06-16 20:12:04"}]}]},{"park_id":"tdc64p1","vehicle_type":[{"type":"P","service_category":[{"category":"HOURLY","vacancy_type":"A","vacancy":0,"lastupdate":"2021-06-16 20:11:04"}]}]},{"park_id":"tdc67p1","vehicle_type":[{"type":"P","service_category":[{"category":"HOURLY","vacancy_type":"A","vacancy":6,"lastupdate":"2021-06-16 20:12:04"}]}]},{"park_id":"tdc67p2","vehicle_type":[{"type":"P","service_category":[{"category":"HOURLY","vacancy_type":"A","vacancy":2,"lastupdate":"2021-06-16 20:11:04"}]}]},{"park_id":"tdc65p1","vehicle_type":[{"type":"P","service_category":[{"category":"HOURLY","vacancy_type":"B","vacancy":1,"lastupdate":"2021-03-30 09:28:08"}]},{"type":"M","service_category":[{"category":"HOURLY","vacancy_type":"B","vacancy":1,"lastupdate":"2021-03-30 09:28:08"}]}]},{"park_id":"tdc65p2","vehicle_type":[{"type":"P","service_category":[{"category":"HOURLY","vacancy_type":"B","vacancy":1,"lastupdate":"2021-03-30 09:28:44"}]}]},{"park_id":"tdc65p3","vehicle_type":[{"type":"P","service_category":[{"category":"HOURLY","vacancy_type":"B","vacancy":1,"lastupdate":"2021-03-30 09:29:04"}]},{"type":"C","service_category":[{"category":"HOURLY","vacancy_type":"B","vacancy":1,"lastupdate":"2021-03-30 09:29:04"}]},{"type":"M","service_category":[{"category":"HOURLY","vacancy_type":"B","vacancy":1,"lastupdate":"2021-03-30 09:29:04"}]}]},{"park_id":"tdc65p4","vehicle_type":[{"type":"P","service_category":[{"category":"HOURLY","vacancy_type":"B","vacancy":1,"lastupdate":"2021-03-30 09:29:22"}]}]},{"park_id":"tdc65p5","vehicle_type":[{"type":"P","service_category":[{"category":"HOURLY","vacancy_type":"B","vacancy":1,"lastupdate":"2021-03-30 09:29:46"}]},{"type":"C","service_category":[{"category":"HOURLY","vacancy_type":"B","vacancy":1,"lastupdate":"2021-03-30 09:29:46"}]},{"type":"M","service_category":[{"category":"HOURLY","vacancy_type":"B","vacancy":1,"lastupdate":"2021-03-30 09:29:46"}]}]},{"park_id":"tdc69p1","vehicle_type":[]},{"park_id":"tdc69p2","vehicle_type":[{"type":"P","service_category":[{"category":"HOURLY","vacancy_type":"A","vacancy":17,"lastupdate":"2021-06-16 20:12:04"}]}]},{"park_id":"tdc69p3","vehicle_type":[{"type":"P","service_category":[{"category":"HOURLY","vacancy_type":"A","vacancy":4,"lastupdate":"2021-06-16 20:11:04"}]}]},{"park_id":"tdc66p1","vehicle_type":[{"type":"P","service_category":[{"category":"HOURLY","vacancy_type":"A","vacancy":12,"lastupdate":"2021-06-16 13:17:32"}]},{"type":"M","service_category":[{"category":"HOURLY","vacancy_type":"A","vacancy":2,"lastupdate":"2021-06-16 13:17:32"}]}]},{"park_id":"tdc70p1","vehicle_type":[{"type":"P","service_category":[{"category":"HOURLY","vacancy_type":"A","vacancy":11,"lastupdate":"2021-06-16 13:17:48"}]},{"type":"M","service_category":[{"category":"HOURLY","vacancy_type":"A","vacancy":3,"lastupdate":"2021-06-16 13:17:48"}]}]},{"park_id":"tdc49p4","vehicle_type":[{"type":"P","service_category":[{"category":"HOURLY","vacancy_type":"A","vacancy":91,"lastupdate":"2021-06-16 20:12:04"}]}]},{"park_id":"tdc52p1","vehicle_type":[{"type":"P","service_category":[{"category":"HOURLY","vacancy_type":"A","vacancy":133,"lastupdate":"2021-06-16 20:12:04"}]},{"type":"M","service_category":[{"category":"HOURLY","vacancy_type":"A","vacancy":0,"lastupdate":"2021-06-16 20:12:04"}]}]},{"park_id":"tdc62p1","vehicle_type":[{"type":"P","service_category":[{"category":"HOURLY","vacancy_type":"A","vacancy":0,"lastupdate":"2021-05-13 10:14:42"}]},{"type":"L","service_category":[{"category":"HOURLY","vacancy_type":"A","vacancy":0,"lastupdate":"2021-05-13 10:14:42"}]},{"type":"M","service_category":[{"category":"HOURLY","vacancy_type":"A","vacancy":5,"lastupdate":"2021-05-13 10:14:42"}]}]},{"park_id":"tdc72p1","vehicle_type":[{"type":"P","service_category":[{"category":"HOURLY","vacancy_type":"B","vacancy":1,"lastupdate":"2021-06-16 20:00:32"}]},{"type":"N","service_category":[{"category":"HOURLY","vacancy_type":"B","vacancy":1,"lastupdate":"2021-06-16 20:00:32"}]}]},{"park_id":"tdc74p1","vehicle_type":[{"type":"P","service_category":[{"category":"HOURLY","vacancy_type":"A","vacancy":0,"lastupdate":"2021-06-16 20:11:04"}]}]},{"park_id":"tdc74p2","vehicle_type":[{"type":"P","service_category":[{"category":"HOURLY","vacancy_type":"A","vacancy":19,"lastupdate":"2021-06-16 20:11:04"}]}]},{"park_id":"tdc74p3","vehicle_type":[{"type":"P","service_category":[{"category":"HOURLY","vacancy_type":"A","vacancy":0,"lastupdate":"2021-06-16 20:11:04"}]}]},{"park_id":"tdc74p4","vehicle_type":[{"type":"P","service_category":[{"category":"HOURLY","vacancy_type":"A","vacancy":2,"lastupdate":"2021-06-16 20:12:04"}]}]},{"park_id":"tdc74p5","vehicle_type":[{"type":"P","service_category":[{"category":"HOURLY","vacancy_type":"A","vacancy":23,"lastupdate":"2021-06-16 20:12:04"}]}]},{"park_id":"tdc49p1","vehicle_type":[{"type":"P","service_category":[{"category":"HOURLY","vacancy_type":"A","vacancy":446,"lastupdate":"2021-06-16 20:12:04"}]}]},{"park_id":"tdc49p2","vehicle_type":[{"type":"P","service_category":[{"category":"HOURLY","vacancy_type":"A","vacancy":377,"lastupdate":"2021-06-16 20:12:04"}]}]}]}